stage,dataset,method,cell,seed,cycle,y_true,pred_raw,pred_proj
e1,nasa,direct,B0005,42,1.0,92.82437133789062,97.63125610351562,
e1,nasa,direct,B0005,42,2.0,92.31636047363281,97.3849868774414,
e1,nasa,direct,B0005,42,3.0,91.7674560546875,96.61001586914062,
e1,nasa,direct,B0005,42,4.0,91.76313018798828,96.96063232421875,
e1,nasa,direct,B0005,42,5.0,91.7322769165039,97.27510070800781,
e1,nasa,direct,B0005,42,6.0,91.7830810546875,97.45053100585938,
e1,nasa,direct,B0005,42,7.0,91.75730895996094,97.53321838378906,
e1,nasa,direct,B0005,42,8.0,91.287841796875,96.07876586914062,
e1,nasa,direct,B0005,42,9.0,91.23869323730469,96.04347229003906,
e1,nasa,direct,B0005,42,10.0,91.23066711425781,95.86428833007812,
e1,nasa,direct,B0005,42,11.0,91.2309799194336,96.03451538085938,
e1,nasa,direct,B0005,42,12.0,90.71009826660156,94.71748352050781,
e1,nasa,direct,B0005,42,13.0,90.68760681152344,94.92562103271484,
e1,nasa,direct,B0005,42,14.0,90.67202758789062,94.73660278320312,
e1,nasa,direct,B0005,42,15.0,90.12989807128906,93.50349426269531,
e1,nasa,direct,B0005,42,16.0,90.1053466796875,93.35767364501953,
e1,nasa,direct,B0005,42,17.0,90.12897491455078,93.2544174194336,
e1,nasa,direct,B0005,42,18.0,90.1534194946289,93.0549545288086,
e1,nasa,direct,B0005,42,19.0,90.13887786865234,92.70922088623047,
e1,nasa,direct,B0005,42,20.0,92.35130310058594,91.56981658935547,
e1,nasa,direct,B0005,42,21.0,92.37086486816406,91.72709655761719,
e1,nasa,direct,B0005,42,22.0,91.80886840820312,90.79850769042969,
e1,nasa,direct,B0005,42,23.0,91.2890396118164,90.04650115966797,
e1,nasa,direct,B0005,42,24.0,91.25568389892578,89.95413208007812,
e1,nasa,direct,B0005,42,25.0,91.2790756225586,89.96200561523438,
e1,nasa,direct,B0005,42,26.0,90.70155334472656,88.86538696289062,
e1,nasa,direct,B0005,42,27.0,90.73845672607422,88.94541931152344,
e1,nasa,direct,B0005,42,28.0,90.69847106933594,88.8001937866211,
e1,nasa,direct,B0005,42,29.0,90.1382827758789,87.77157592773438,
e1,nasa,direct,B0005,42,30.0,90.20384979248047,87.67095947265625,
e1,nasa,direct,B0005,42,31.0,92.59012603759766,86.540771484375,
e1,nasa,direct,B0005,42,32.0,91.53519439697266,86.0562973022461,
e1,nasa,direct,B0005,42,33.0,90.99520874023438,85.5671615600586,
e1,nasa,direct,B0005,42,34.0,90.46540069580078,85.17031860351562,
e1,nasa,direct,B0005,42,35.0,90.2304916381836,84.83003997802734,
e1,nasa,direct,B0005,42,36.0,89.96885681152344,84.32280731201172,
e1,nasa,direct,B0005,42,37.0,89.42216491699219,83.87945556640625,
e1,nasa,direct,B0005,42,38.0,89.14614868164062,83.53280639648438,
e1,nasa,direct,B0005,42,39.0,88.65168762207031,83.12779235839844,
e1,nasa,direct,B0005,42,40.0,88.65188598632812,82.95472717285156,
e1,nasa,direct,B0005,42,41.0,88.39360809326172,82.50523376464844,
e1,nasa,direct,B0005,42,42.0,88.11575317382812,82.15274810791016,
e1,nasa,direct,B0005,42,43.0,88.38086700439453,82.095947265625,
e1,nasa,direct,B0005,42,44.0,88.13341522216797,81.61003875732422,
e1,nasa,direct,B0005,42,45.0,87.5865249633789,81.44393920898438,
e1,nasa,direct,B0005,42,46.0,87.09248352050781,81.10047149658203,
e1,nasa,direct,B0005,42,47.0,86.8045654296875,80.95286560058594,
e1,nasa,direct,B0005,42,48.0,89.68119812011719,80.91249084472656,
e1,nasa,direct,B0005,42,49.0,89.15945434570312,79.90398406982422,
e1,nasa,direct,B0005,42,50.0,88.36820983886719,79.78901672363281,
e1,nasa,direct,B0005,42,51.0,87.85089111328125,79.8184814453125,
e1,nasa,direct,B0005,42,52.0,87.3435287475586,79.51048278808594,
e1,nasa,direct,B0005,42,53.0,87.08586120605469,79.46469116210938,
e1,nasa,direct,B0005,42,54.0,86.82112884521484,79.25250244140625,
e1,nasa,direct,B0005,42,55.0,86.31608581542969,79.08535766601562,
e1,nasa,direct,B0005,42,56.0,85.79032897949219,78.82923889160156,
e1,nasa,direct,B0005,42,57.0,85.52666473388672,78.71046447753906,
e1,nasa,direct,B0005,42,58.0,85.30072784423828,78.60227966308594,
e1,nasa,direct,B0005,42,59.0,85.01554870605469,78.34818267822266,
e1,nasa,direct,B0005,42,60.0,84.72899627685547,78.45793914794922,
e1,nasa,direct,B0005,42,61.0,84.24514770507812,78.13275909423828,
e1,nasa,direct,B0005,42,62.0,83.72370910644531,77.85354614257812,
e1,nasa,direct,B0005,42,63.0,83.72846221923828,78.06645202636719,
e1,nasa,direct,B0005,42,64.0,83.18582153320312,77.72249603271484,
e1,nasa,direct,B0005,42,65.0,82.95069122314453,77.37094116210938,
e1,nasa,direct,B0005,42,66.0,82.69270324707031,77.78102111816406,
e1,nasa,direct,B0005,42,67.0,82.1326904296875,77.34968566894531,
e1,nasa,direct,B0005,42,68.0,81.89289093017578,77.50858306884766,
e1,nasa,direct,B0005,42,69.0,81.63674926757812,77.3423843383789,
e1,nasa,direct,B0005,42,70.0,81.38764190673828,77.40827178955078,
e1,nasa,direct,B0005,42,71.0,81.10627746582031,77.46588134765625,
e1,nasa,direct,B0005,42,72.0,80.5662841796875,76.82413482666016,
e1,nasa,direct,B0005,42,73.0,80.32815551757812,77.03749084472656,
e1,nasa,direct,B0005,42,74.0,80.07571411132812,77.1873550415039,
e1,nasa,direct,B0005,42,75.0,79.51846313476562,76.57872009277344,
e1,nasa,direct,B0005,42,76.0,79.2894515991211,76.83633422851562,
e1,nasa,direct,B0005,42,77.0,79.24715423583984,76.92140197753906,
e1,nasa,direct,B0005,42,78.0,79.77632141113281,76.31468200683594,
e1,nasa,direct,B0005,42,79.0,78.73651123046875,76.43438720703125,
e1,nasa,direct,B0005,42,80.0,78.24510192871094,76.4420166015625,
e1,nasa,direct,B0005,42,81.0,77.98829650878906,76.51287841796875,
e1,nasa,direct,B0005,42,82.0,77.97407531738281,76.74259185791016,
e1,nasa,direct,B0005,42,83.0,77.73446655273438,76.46571350097656,
e1,nasa,direct,B0005,42,84.0,77.4437026977539,76.78131866455078,
e1,nasa,direct,B0005,42,85.0,76.91182708740234,76.36878967285156,
e1,nasa,direct,B0005,42,86.0,76.39571380615234,76.25487518310547,
e1,nasa,direct,B0005,42,87.0,76.42626190185547,76.61393737792969,
e1,nasa,direct,B0005,42,88.0,76.13236999511719,75.96893310546875,
e1,nasa,direct,B0005,42,89.0,75.87429809570312,75.88249969482422,
e1,nasa,direct,B0005,42,90.0,80.29094696044922,74.32439422607422,
e1,nasa,direct,B0005,42,91.0,78.19245910644531,75.74102783203125,
e1,nasa,direct,B0005,42,92.0,77.40457916259766,75.9232406616211,
e1,nasa,direct,B0005,42,93.0,76.6187744140625,75.31100463867188,
e1,nasa,direct,B0005,42,94.0,76.34764099121094,76.02497863769531,
e1,nasa,direct,B0005,42,95.0,75.84786224365234,75.63961791992188,
e1,nasa,direct,B0005,42,96.0,75.59487915039062,75.7874755859375,
e1,nasa,direct,B0005,42,97.0,75.32819366455078,75.76065063476562,
e1,nasa,direct,B0005,42,98.0,75.0772705078125,75.93351745605469,
e1,nasa,direct,B0005,42,99.0,74.54222106933594,75.29206848144531,
e1,nasa,direct,B0005,42,100.0,74.29341888427734,75.29216003417969,
e1,nasa,direct,B0005,42,101.0,74.02068328857422,75.33935546875,
e1,nasa,direct,B0005,42,102.0,73.76048278808594,75.29723358154297,
e1,nasa,direct,B0005,42,103.0,74.29518127441406,76.00010681152344,
e1,nasa,direct,B0005,42,104.0,74.8045883178711,75.0160903930664,
e1,nasa,direct,B0005,42,105.0,74.04003143310547,75.46827697753906,
e1,nasa,direct,B0005,42,106.0,73.48771667480469,75.20838928222656,
e1,nasa,direct,B0005,42,107.0,72.69506072998047,75.63980102539062,
e1,nasa,direct,B0005,42,108.0,72.70731353759766,75.14266204833984,
e1,nasa,direct,B0005,42,109.0,72.75119018554688,75.5478515625,
e1,nasa,direct,B0005,42,110.0,72.45211029052734,75.52032470703125,
e1,nasa,direct,B0005,42,111.0,71.93354797363281,74.97401428222656,
e1,nasa,direct,B0005,42,112.0,71.67227172851562,75.02400970458984,
e1,nasa,direct,B0005,42,113.0,71.66979217529297,75.42969512939453,
e1,nasa,direct,B0005,42,114.0,71.40324401855469,75.07705688476562,
e1,nasa,direct,B0005,42,115.0,71.1460189819336,75.03331756591797,
e1,nasa,direct,B0005,42,116.0,70.87145233154297,75.22438049316406,
e1,nasa,direct,B0005,42,117.0,70.6204605102539,75.28044891357422,
e1,nasa,direct,B0005,42,118.0,70.62893676757812,75.51992797851562,
e1,nasa,direct,B0005,42,119.0,70.37992095947266,74.97640991210938,
e1,nasa,direct,B0005,42,120.0,71.66960144042969,75.29070281982422,
e1,nasa,direct,B0005,42,121.0,71.91275024414062,74.80429077148438,
e1,nasa,direct,B0005,42,122.0,70.86773681640625,74.6847915649414,
e1,nasa,direct,B0005,42,123.0,70.34908294677734,74.71907806396484,
e1,nasa,direct,B0005,42,124.0,70.06018829345703,74.901611328125,
e1,nasa,direct,B0005,42,125.0,69.83504486083984,75.0434799194336,
e1,nasa,direct,B0005,42,126.0,69.56423950195312,75.00436401367188,
e1,nasa,direct,B0005,42,127.0,69.31143951416016,75.14327239990234,
e1,nasa,direct,B0005,42,128.0,69.02183532714844,75.11613464355469,
e1,nasa,direct,B0005,42,129.0,68.7618179321289,74.90189361572266,
e1,nasa,direct,B0005,42,130.0,68.52564239501953,75.24421691894531,
e1,nasa,direct,B0005,42,131.0,68.52542877197266,75.37476348876953,
e1,nasa,direct,B0005,42,132.0,68.23677825927734,75.26071166992188,
e1,nasa,direct,B0005,42,133.0,68.76959991455078,75.11652374267578,
e1,nasa,direct,B0005,42,134.0,69.30557250976562,74.33633422851562,
e1,nasa,direct,B0005,42,135.0,68.49250030517578,74.49834442138672,
e1,nasa,direct,B0005,42,136.0,68.23914337158203,75.18280029296875,
e1,nasa,direct,B0005,42,137.0,67.71610260009766,74.64864349365234,
e1,nasa,direct,B0005,42,138.0,67.73208618164062,74.81796264648438,
e1,nasa,direct,B0005,42,139.0,67.73519897460938,75.139892578125,
e1,nasa,direct,B0005,42,140.0,67.46575164794922,75.11661529541016,
e1,nasa,direct,B0005,42,141.0,67.20945739746094,75.27652740478516,
e1,nasa,direct,B0005,42,142.0,66.94956970214844,75.26603698730469,
e1,nasa,direct,B0005,42,143.0,66.94572448730469,75.21585845947266,
e1,nasa,direct,B0005,42,144.0,66.70033264160156,74.85469055175781,
e1,nasa,direct,B0005,42,145.0,66.43222045898438,75.14401245117188,
e1,nasa,direct,B0005,42,146.0,66.1585464477539,75.00116729736328,
e1,nasa,direct,B0005,42,147.0,65.90845489501953,74.73294830322266,
e1,nasa,direct,B0005,42,148.0,65.92332458496094,74.69831848144531,
e1,nasa,direct,B0005,42,149.0,65.9146499633789,75.0511245727539,
e1,nasa,direct,B0005,42,150.0,66.19361877441406,75.326904296875,
e1,nasa,direct,B0005,42,151.0,68.0060806274414,74.55760955810547,
e1,nasa,direct,B0005,42,152.0,66.97653198242188,74.52198791503906,
e1,nasa,direct,B0005,42,153.0,66.45143127441406,74.33905029296875,
e1,nasa,direct,B0005,42,154.0,66.18370819091797,74.38789367675781,
e1,nasa,direct,B0005,42,155.0,65.93169403076172,74.54539489746094,
e1,nasa,direct,B0005,42,156.0,65.67375946044922,74.3916244506836,
e1,nasa,direct,B0005,42,157.0,65.66010284423828,74.69560241699219,
e1,nasa,direct,B0005,42,158.0,65.38980102539062,74.58495330810547,
e1,nasa,direct,B0005,42,159.0,65.15164947509766,74.35541534423828,
e1,nasa,direct,B0005,42,160.0,65.1678695678711,74.70929718017578,
e1,nasa,direct,B0005,42,161.0,65.17050170898438,75.04179382324219,
e1,nasa,direct,B0005,42,162.0,64.89435577392578,74.59709930419922,
e1,nasa,direct,B0005,42,163.0,64.90367889404297,75.01258087158203,
e1,nasa,direct,B0005,42,164.0,64.67317962646484,74.58964538574219,
e1,nasa,direct,B0005,42,165.0,64.4001693725586,74.30890655517578,
e1,nasa,direct,B0005,42,166.0,64.37262725830078,74.4830322265625,
e1,nasa,direct,B0005,42,167.0,65.45076751708984,74.52313995361328,
e1,nasa,direct,B0005,42,168.0,66.25396728515625,74.00309753417969,
e3,nasa,hipif,B0005,42,1.0,92.82437133789062,97.39247131347656,97.39247131347656
e3,nasa,hipif,B0005,42,2.0,92.31636047363281,96.71031188964844,96.85977374164717
e3,nasa,hipif,B0005,42,3.0,91.7674560546875,95.74847412109375,96.32559104591378
e3,nasa,hipif,B0005,42,4.0,91.76313018798828,96.00086975097656,96.1351806640625
e3,nasa,hipif,B0005,42,5.0,91.7322769165039,96.18022918701172,96.1351806640625
e3,nasa,hipif,B0005,42,6.0,91.7830810546875,96.2369155883789,96.1351806640625
e3,nasa,hipif,B0005,42,7.0,91.75730895996094,96.50941467285156,96.1351806640625
e3,nasa,hipif,B0005,42,8.0,91.287841796875,95.38629150390625,95.93486022949219
e3,nasa,hipif,B0005,42,9.0,91.23869323730469,95.8101577758789,95.93486022949219
e3,nasa,hipif,B0005,42,10.0,91.23066711425781,96.10018920898438,95.93486022949219
e3,nasa,hipif,B0005,42,11.0,91.2309799194336,96.44280242919922,95.93486022949219
e3,nasa,hipif,B0005,42,12.0,90.71009826660156,95.06474304199219,95.40187003679189
e3,nasa,hipif,B0005,42,13.0,90.68760681152344,95.30557250976562,95.2379150390625
e3,nasa,hipif,B0005,42,14.0,90.67202758789062,95.34342956542969,95.2379150390625
e3,nasa,hipif,B0005,42,15.0,90.12989807128906,94.09162902832031,94.70332273792634
e3,nasa,hipif,B0005,42,16.0,90.1053466796875,94.21350860595703,94.1725470237288
e3,nasa,hipif,B0005,42,17.0,90.12897491455078,94.16651916503906,94.15721893310547
e3,nasa,hipif,B0005,42,18.0,90.1534194946289,94.04368591308594,94.04368591308594
e3,nasa,hipif,B0005,42,19.0,90.13887786865234,93.75433349609375,93.75433349609375
e3,nasa,hipif,B0005,42,20.0,92.35130310058594,92.4791030883789,93.22560201615485
e3,nasa,hipif,B0005,42,21.0,92.37086486816406,92.63143920898438,92.70544455377303
e3,nasa,hipif,B0005,42,22.0,91.80886840820312,91.93458557128906,92.1784640333683
e3,nasa,hipif,B0005,42,23.0,91.2890396118164,91.40397644042969,91.6467358380267
e3,nasa,hipif,B0005,42,24.0,91.25568389892578,91.17603302001953,91.17603302001953
e3,nasa,hipif,B0005,42,25.0,91.2790756225586,91.1539535522461,91.1539535522461
e3,nasa,hipif,B0005,42,26.0,90.70155334472656,90.42894744873047,90.62310759595341
e3,nasa,hipif,B0005,42,27.0,90.73845672607422,90.19798278808594,90.19798278808594
e3,nasa,hipif,B0005,42,28.0,90.69847106933594,89.91082000732422,89.91082000732422
e3,nasa,hipif,B0005,42,29.0,90.1382827758789,89.25616455078125,89.38228439853214
e3,nasa,hipif,B0005,42,30.0,90.20384979248047,88.93724060058594,88.93724060058594
e3,nasa,hipif,B0005,42,31.0,92.59012603759766,88.22662353515625,88.40362868265741
e3,nasa,hipif,B0005,42,32.0,91.53519439697266,87.8980484008789,87.8980484008789
e3,nasa,hipif,B0005,42,33.0,90.99520874023438,87.47489929199219,87.47489929199219
e3,nasa,hipif,B0005,42,34.0,90.46540069580078,87.07601165771484,87.07601165771484
e3,nasa,hipif,B0005,42,35.0,90.2304916381836,86.77405548095703,86.77405548095703
e3,nasa,hipif,B0005,42,36.0,89.96885681152344,86.40227508544922,86.40227508544922
e3,nasa,hipif,B0005,42,37.0,89.42216491699219,86.06001281738281,86.06001281738281
e3,nasa,hipif,B0005,42,38.0,89.14614868164062,85.84770965576172,85.84770965576172
e3,nasa,hipif,B0005,42,39.0,88.65168762207031,85.496826171875,85.53999630304081
e3,nasa,hipif,B0005,42,40.0,88.65188598632812,85.38430786132812,85.53999630304081
e3,nasa,hipif,B0005,42,41.0,88.39360809326172,84.96842956542969,85.53999630304081
e3,nasa,hipif,B0005,42,42.0,88.11575317382812,84.67716979980469,85.53999630304081
e3,nasa,hipif,B0005,42,43.0,88.38086700439453,84.46160888671875,85.53999630304081
e3,nasa,hipif,B0005,42,44.0,88.13341522216797,84.14892578125,85.53999630304081
e3,nasa,hipif,B0005,42,45.0,87.5865249633789,83.92578887939453,85.53999630304081
e3,nasa,hipif,B0005,42,46.0,87.09248352050781,83.64895629882812,85.53999630304081
e3,nasa,hipif,B0005,42,47.0,86.8045654296875,83.42066955566406,85.53999630304081
e3,nasa,hipif,B0005,42,48.0,89.68119812011719,83.50595092773438,85.53999630304081
e3,nasa,hipif,B0005,42,49.0,89.15945434570312,82.75298309326172,85.04247781090477
e3,nasa,hipif,B0005,42,50.0,88.36820983886719,82.55696105957031,84.2893617002108
e3,nasa,hipif,B0005,42,51.0,87.85089111328125,82.38511657714844,83.80019339028753
e3,nasa,hipif,B0005,42,52.0,87.3435287475586,82.11151123046875,83.31716352319175
e3,nasa,hipif,B0005,42,53.0,87.08586120605469,81.9296646118164,83.07074942127052
e3,nasa,hipif,B0005,42,54.0,86.82112884521484,81.67909240722656,82.81944763412507
e3,nasa,hipif,B0005,42,55.0,86.31608581542969,81.44832611083984,82.33911508803521
e3,nasa,hipif,B0005,42,56.0,85.79032897949219,81.22689056396484,81.83719923776073
e3,nasa,hipif,B0005,42,57.0,85.52666473388672,81.04901123046875,81.58683885568591
e3,nasa,hipif,B0005,42,58.0,85.30072784423828,80.84259033203125,81.37093148095813
e3,nasa,hipif,B0005,42,59.0,85.01554870605469,80.67509460449219,81.09963539788501
e3,nasa,hipif,B0005,42,60.0,84.72899627685547,80.64240264892578,80.82752802668801
e3,nasa,hipif,B0005,42,61.0,84.24514770507812,80.4468994140625,80.4468994140625
e3,nasa,hipif,B0005,42,62.0,83.72370910644531,80.212646484375,80.27336883544922
e3,nasa,hipif,B0005,42,63.0,83.72846221923828,80.33409118652344,80.27336883544922
e3,nasa,hipif,B0005,42,64.0,83.18582153320312,80.08958435058594,80.08958435058594
e3,nasa,hipif,B0005,42,65.0,82.95069122314453,79.93230438232422,79.99806213378906
e3,nasa,hipif,B0005,42,66.0,82.69270324707031,80.0638198852539,79.99806213378906
e3,nasa,hipif,B0005,42,67.0,82.1326904296875,79.81013488769531,79.83037567138672
e3,nasa,hipif,B0005,42,68.0,81.89289093017578,79.85061645507812,79.83037567138672
e3,nasa,hipif,B0005,42,69.0,81.63674926757812,79.7276611328125,79.72962951660156
e3,nasa,hipif,B0005,42,70.0,81.38764190673828,79.73159790039062,79.72962951660156
e3,nasa,hipif,B0005,42,71.0,81.10627746582031,79.72006225585938,79.72006225585938
e3,nasa,hipif,B0005,42,72.0,80.5662841796875,79.39122009277344,79.42826334635417
e3,nasa,hipif,B0005,42,73.0,80.32815551757812,79.43309020996094,79.42826334635417
e3,nasa,hipif,B0005,42,74.0,80.07571411132812,79.46047973632812,79.42826334635417
e3,nasa,hipif,B0005,42,75.0,79.51846313476562,79.20265197753906,79.22216033935547
e3,nasa,hipif,B0005,42,76.0,79.2894515991211,79.22266387939453,79.22216033935547
e3,nasa,hipif,B0005,42,77.0,79.24715423583984,79.24116516113281,79.22216033935547
e3,nasa,hipif,B0005,42,78.0,79.77632141113281,79.03521728515625,79.03521728515625
e3,nasa,hipif,B0005,42,79.0,78.73651123046875,79.00994873046875,79.00994873046875
e3,nasa,hipif,B0005,42,80.0,78.24510192871094,78.9533920288086,78.9533920288086
e3,nasa,hipif,B0005,42,81.0,77.98829650878906,78.91920471191406,78.94257736206055
e3,nasa,hipif,B0005,42,82.0,77.97407531738281,78.96595001220703,78.94257736206055
e3,nasa,hipif,B0005,42,83.0,77.73446655273438,78.81297302246094,78.83612823486328
e3,nasa,hipif,B0005,42,84.0,77.4437026977539,78.85928344726562,78.83612823486328
e3,nasa,hipif,B0005,42,85.0,76.91182708740234,78.68634796142578,78.68634796142578
e3,nasa,hipif,B0005,42,86.0,76.39571380615234,78.61610412597656,78.65043640136719
e3,nasa,hipif,B0005,42,87.0,76.42626190185547,78.68476867675781,78.65043640136719
e3,nasa,hipif,B0005,42,88.0,76.13236999511719,78.39391326904297,78.39391326904297
e3,nasa,hipif,B0005,42,89.0,75.87429809570312,78.3251953125,78.3251953125
e3,nasa,hipif,B0005,42,90.0,80.29094696044922,77.54668426513672,78.01686096191406
e3,nasa,hipif,B0005,42,91.0,78.19245910644531,78.20381164550781,78.01686096191406
e3,nasa,hipif,B0005,42,92.0,77.40457916259766,78.21319580078125,78.01686096191406
e3,nasa,hipif,B0005,42,93.0,76.6187744140625,77.9429931640625,78.01686096191406
e3,nasa,hipif,B0005,42,94.0,76.34764099121094,78.17761993408203,78.01686096191406
e3,nasa,hipif,B0005,42,95.0,75.84786224365234,78.00203704833984,78.0168228149414
e3,nasa,hipif,B0005,42,96.0,75.59487915039062,78.03160858154297,78.0168228149414
e3,nasa,hipif,B0005,42,97.0,75.32819366455078,77.97654724121094,77.99435424804688
e3,nasa,hipif,B0005,42,98.0,75.0772705078125,78.01216125488281,77.99435424804688
e3,nasa,hipif,B0005,42,99.0,74.54222106933594,77.72806549072266,77.73429260253906
e3,nasa,hipif,B0005,42,100.0,74.29341888427734,77.67167663574219,77.73429260253906
e3,nasa,hipif,B0005,42,101.0,74.02068328857422,77.66698455810547,77.73429260253906
e3,nasa,hipif,B0005,42,102.0,73.76048278808594,77.62751007080078,77.73429260253906
e3,nasa,hipif,B0005,42,103.0,74.29518127441406,77.97722625732422,77.73429260253906
e3,nasa,hipif,B0005,42,104.0,74.8045883178711,77.4472427368164,77.57759094238281
e3,nasa,hipif,B0005,42,105.0,74.04003143310547,77.64850616455078,77.57759094238281
e3,nasa,hipif,B0005,42,106.0,73.48771667480469,77.48800659179688,77.57759094238281
e3,nasa,hipif,B0005,42,107.0,72.69506072998047,77.72660827636719,77.57759094238281
e3,nasa,hipif,B0005,42,108.0,72.70731353759766,77.394287109375,77.50144449869792
e3,nasa,hipif,B0005,42,109.0,72.75119018554688,77.57662963867188,77.50144449869792
e3,nasa,hipif,B0005,42,110.0,72.45211029052734,77.53341674804688,77.50144449869792
e3,nasa,hipif,B0005,42,111.0,71.93354797363281,77.23612213134766,77.29820505777995
e3,nasa,hipif,B0005,42,112.0,71.67227172851562,77.24635314941406,77.29820505777995
e3,nasa,hipif,B0005,42,113.0,71.66979217529297,77.41213989257812,77.29820505777995
e3,nasa,hipif,B0005,42,114.0,71.40324401855469,77.20681762695312,77.25650939941406
e3,nasa,hipif,B0005,42,115.0,71.1460189819336,77.17164611816406,77.25650939941406
e3,nasa,hipif,B0005,42,116.0,70.87145233154297,77.25753784179688,77.25650939941406
e3,nasa,hipif,B0005,42,117.0,70.6204605102539,77.2741470336914,77.25650939941406
e3,nasa,hipif,B0005,42,118.0,70.62893676757812,77.37239837646484,77.25650939941406
e3,nasa,hipif,B0005,42,119.0,70.37992095947266,77.060791015625,77.17950439453125
e3,nasa,hipif,B0005,42,120.0,71.66960144042969,77.2982177734375,77.17950439453125
e3,nasa,hipif,B0005,42,121.0,71.91275024414062,76.97260284423828,76.97260284423828
e3,nasa,hipif,B0005,42,122.0,70.86773681640625,76.8727798461914,76.95297726717862
e3,nasa,hipif,B0005,42,123.0,70.34908294677734,76.83944702148438,76.95297726717862
e3,nasa,hipif,B0005,42,124.0,70.06018829345703,76.9540023803711,76.95297726717862
e3,nasa,hipif,B0005,42,125.0,69.83504486083984,76.99577331542969,76.95297726717862
e3,nasa,hipif,B0005,42,126.0,69.56423950195312,76.981689453125,76.95297726717862
e3,nasa,hipif,B0005,42,127.0,69.31143951416016,77.02301788330078,76.95297726717862
e3,nasa,hipif,B0005,42,128.0,69.02183532714844,76.98007202148438,76.95297726717862
e3,nasa,hipif,B0005,42,129.0,68.7618179321289,76.7511978149414,76.95297726717862
e3,nasa,hipif,B0005,42,130.0,68.52564239501953,77.02385711669922,76.95297726717862
e3,nasa,hipif,B0005,42,131.0,68.52542877197266,77.07738494873047,76.95297726717862
e3,nasa,hipif,B0005,42,132.0,68.23677825927734,76.98352813720703,76.95297726717862
e3,nasa,hipif,B0005,42,133.0,68.76959991455078,76.93867492675781,76.93867492675781
e3,nasa,hipif,B0005,42,134.0,69.30557250976562,75.82467651367188,76.40816300087083
e3,nasa,hipif,B0005,42,135.0,68.49250030517578,75.95536804199219,76.37096862792968
e3,nasa,hipif,B0005,42,136.0,68.23914337158203,76.77623748779297,76.37096862792968
e3,nasa,hipif,B0005,42,137.0,67.71610260009766,76.08802795410156,76.37096862792968
e3,nasa,hipif,B0005,42,138.0,67.73208618164062,76.23165130615234,76.37096862792968
e3,nasa,hipif,B0005,42,139.0,67.73519897460938,76.57353210449219,76.37096862792968
e3,nasa,hipif,B0005,42,140.0,67.46575164794922,76.5062484741211,76.37096862792968
e3,nasa,hipif,B0005,42,141.0,67.20945739746094,76.66299438476562,76.37096862792968
e3,nasa,hipif,B0005,42,142.0,66.94956970214844,76.59644317626953,76.37096862792968
e3,nasa,hipif,B0005,42,143.0,66.94572448730469,76.4945068359375,76.37096862792968
e3,nasa,hipif,B0005,42,144.0,66.70033264160156,76.01823425292969,76.16502380371094
e3,nasa,hipif,B0005,42,145.0,66.43222045898438,76.31181335449219,76.16502380371094
e3,nasa,hipif,B0005,42,146.0,66.1585464477539,76.11154174804688,76.11154174804688
e3,nasa,hipif,B0005,42,147.0,65.90845489501953,75.7185287475586,75.98160171508789
e3,nasa,hipif,B0005,42,148.0,65.92332458496094,75.65046691894531,75.98160171508789
e3,nasa,hipif,B0005,42,149.0,65.9146499633789,76.0721206665039,75.98160171508789
e3,nasa,hipif,B0005,42,150.0,66.19361877441406,76.48529052734375,75.98160171508789
e3,nasa,hipif,B0005,42,151.0,68.0060806274414,75.44097900390625,75.45437675906577
e3,nasa,hipif,B0005,42,152.0,66.97653198242188,75.36731719970703,75.36731719970703
e3,nasa,hipif,B0005,42,153.0,66.45143127441406,75.04806518554688,75.20030559193005
e3,nasa,hipif,B0005,42,154.0,66.18370819091797,75.06111907958984,75.20030559193005
e3,nasa,hipif,B0005,42,155.0,65.93169403076172,75.24729919433594,75.20030559193005
e3,nasa,hipif,B0005,42,156.0,65.67375946044922,74.9822998046875,75.20030559193005
e3,nasa,hipif,B0005,42,157.0,65.66010284423828,75.37400817871094,75.20030559193005
e3,nasa,hipif,B0005,42,158.0,65.38980102539062,75.18331146240234,75.20030559193005
e3,nasa,hipif,B0005,42,159.0,65.15164947509766,74.83058166503906,75.20030559193005
e3,nasa,hipif,B0005,42,160.0,65.1678695678711,75.26878356933594,75.20030559193005
e3,nasa,hipif,B0005,42,161.0,65.17050170898438,75.64055633544922,75.20030559193005
e3,nasa,hipif,B0005,42,162.0,64.89435577392578,75.06400299072266,75.20030559193005
e3,nasa,hipif,B0005,42,163.0,64.90367889404297,75.50333404541016,75.20030559193005
e3,nasa,hipif,B0005,42,164.0,64.67317962646484,74.98080444335938,74.98080444335938
e3,nasa,hipif,B0005,42,165.0,64.4001693725586,74.56793212890625,74.77036031087239
e3,nasa,hipif,B0005,42,166.0,64.37262725830078,74.7793197631836,74.77036031087239
e3,nasa,hipif,B0005,42,167.0,65.45076751708984,74.96382904052734,74.77036031087239
e3,nasa,hipif,B0005,42,168.0,66.25396728515625,74.12586975097656,74.24266120146149
e1,nasa,direct,B0006,42,1.0,101.76687622070312,101.11058044433594,
e1,nasa,direct,B0006,42,2.0,101.25701141357422,101.98489379882812,
e1,nasa,direct,B0006,42,3.0,100.66632080078125,100.61222076416016,
e1,nasa,direct,B0006,42,4.0,100.66423034667969,99.98499298095703,
e1,nasa,direct,B0006,42,5.0,100.02642059326172,102.06631469726562,
e1,nasa,direct,B0006,42,6.0,100.69495391845703,100.23114013671875,
e1,nasa,direct,B0006,42,7.0,100.6550521850586,100.48158264160156,
e1,nasa,direct,B0006,42,8.0,98.43949127197266,99.36674499511719,
e1,nasa,direct,B0006,42,9.0,98.40830993652344,98.4775619506836,
e1,nasa,direct,B0006,42,10.0,97.86154174804688,99.29278564453125,
e1,nasa,direct,B0006,42,11.0,97.27996063232422,97.88541412353516,
e1,nasa,direct,B0006,42,12.0,96.7375259399414,96.99052429199219,
e1,nasa,direct,B0006,42,13.0,96.16400146484375,96.29623413085938,
e1,nasa,direct,B0006,42,14.0,95.59449768066406,96.22161102294922,
e1,nasa,direct,B0006,42,15.0,95.05333709716797,96.26538848876953,
e1,nasa,direct,B0006,42,16.0,94.45995330810547,96.13972473144531,
e1,nasa,direct,B0006,42,17.0,93.9139175415039,94.49334716796875,
e1,nasa,direct,B0006,42,18.0,93.37848663330078,94.51713562011719,
e1,nasa,direct,B0006,42,19.0,93.37946319580078,93.34165954589844,
e1,nasa,direct,B0006,42,20.0,98.98133087158203,93.76763916015625,
e1,nasa,direct,B0006,42,21.0,97.87749481201172,92.59588623046875,
e1,nasa,direct,B0006,42,22.0,97.2907485961914,92.60233306884766,
e1,nasa,direct,B0006,42,23.0,96.2123031616211,91.659912109375,
e1,nasa,direct,B0006,42,24.0,97.29905700683594,90.41437530517578,
e1,nasa,direct,B0006,42,25.0,95.07039642333984,90.30984497070312,
e1,nasa,direct,B0006,42,26.0,93.93370819091797,90.87745666503906,
e1,nasa,direct,B0006,42,27.0,93.4153060913086,90.04110717773438,
e1,nasa,direct,B0006,42,28.0,92.80122375488281,89.78836059570312,
e1,nasa,direct,B0006,42,29.0,92.2599868774414,88.96276092529297,
e1,nasa,direct,B0006,42,30.0,92.86144256591797,88.02449035644531,
e1,nasa,direct,B0006,42,31.0,96.23880767822266,87.1496810913086,
e1,nasa,direct,B0006,42,32.0,94.11158752441406,86.8336410522461,
e1,nasa,direct,B0006,42,33.0,92.76383209228516,86.7319564819336,
e1,nasa,direct,B0006,42,34.0,91.9625473022461,86.38139343261719,
e1,nasa,direct,B0006,42,35.0,90.9269790649414,86.54319763183594,
e1,nasa,direct,B0006,42,36.0,90.6738510131836,86.02510833740234,
e1,nasa,direct,B0006,42,37.0,89.85509490966797,85.66688537597656,
e1,nasa,direct,B0006,42,38.0,89.05023193359375,85.60821533203125,
e1,nasa,direct,B0006,42,39.0,88.55065155029297,85.31840515136719,
e1,nasa,direct,B0006,42,40.0,88.0235595703125,84.91194152832031,
e1,nasa,direct,B0006,42,41.0,87.51457214355469,84.48922729492188,
e1,nasa,direct,B0006,42,42.0,86.97462463378906,84.5128402709961,
e1,nasa,direct,B0006,42,43.0,87.73383331298828,84.93994140625,
e1,nasa,direct,B0006,42,44.0,88.29695129394531,83.5380859375,
e1,nasa,direct,B0006,42,45.0,86.68943786621094,83.52696990966797,
e1,nasa,direct,B0006,42,46.0,85.66629791259766,83.33317565917969,
e1,nasa,direct,B0006,42,47.0,85.12039184570312,83.11209106445312,
e1,nasa,direct,B0006,42,48.0,91.18597412109375,82.50790405273438,
e1,nasa,direct,B0006,42,49.0,90.40641784667969,82.26087951660156,
e1,nasa,direct,B0006,42,50.0,88.78805541992188,82.38725280761719,
e1,nasa,direct,B0006,42,51.0,87.23705291748047,82.85456085205078,
e1,nasa,direct,B0006,42,52.0,86.4603500366211,81.88395690917969,
e1,nasa,direct,B0006,42,53.0,85.40543365478516,81.95291137695312,
e1,nasa,direct,B0006,42,54.0,84.87976837158203,81.93416595458984,
e1,nasa,direct,B0006,42,55.0,84.1031723022461,81.72067260742188,
e1,nasa,direct,B0006,42,56.0,83.57384490966797,81.62238311767578,
e1,nasa,direct,B0006,42,57.0,83.03795623779297,81.92923736572266,
e1,nasa,direct,B0006,42,58.0,82.5560531616211,82.19556427001953,
e1,nasa,direct,B0006,42,59.0,82.00674438476562,81.60697174072266,
e1,nasa,direct,B0006,42,60.0,81.45999908447266,81.64600372314453,
e1,nasa,direct,B0006,42,61.0,80.4424819946289,81.32179260253906,
e1,nasa,direct,B0006,42,62.0,80.17622375488281,82.04721069335938,
e1,nasa,direct,B0006,42,63.0,79.94856262207031,81.72451782226562,
e1,nasa,direct,B0006,42,64.0,79.38136291503906,81.64283752441406,
e1,nasa,direct,B0006,42,65.0,79.14859771728516,81.0564193725586,
e1,nasa,direct,B0006,42,66.0,78.35688018798828,81.80392456054688,
e1,nasa,direct,B0006,42,67.0,78.06723022460938,81.70820617675781,
e1,nasa,direct,B0006,42,68.0,77.55856323242188,81.32496643066406,
e1,nasa,direct,B0006,42,69.0,77.03370666503906,81.86458587646484,
e1,nasa,direct,B0006,42,70.0,76.26569366455078,82.17448425292969,
e1,nasa,direct,B0006,42,71.0,76.50785064697266,81.17156982421875,
e1,nasa,direct,B0006,42,72.0,76.23283386230469,81.52076721191406,
e1,nasa,direct,B0006,42,73.0,75.72746276855469,80.57410430908203,
e1,nasa,direct,B0006,42,74.0,75.46957397460938,80.90833282470703,
e1,nasa,direct,B0006,42,75.0,75.19987487792969,81.2475814819336,
e1,nasa,direct,B0006,42,76.0,74.67601013183594,80.74987030029297,
e1,nasa,direct,B0006,42,77.0,74.3816146850586,81.4981460571289,
e1,nasa,direct,B0006,42,78.0,76.5143814086914,80.98811340332031,
e1,nasa,direct,B0006,42,79.0,75.20380401611328,80.74884796142578,
e1,nasa,direct,B0006,42,80.0,74.4379653930664,81.51109313964844,
e1,nasa,direct,B0006,42,81.0,73.91389465332031,80.38933563232422,
e1,nasa,direct,B0006,42,82.0,73.9229965209961,80.46470642089844,
e1,nasa,direct,B0006,42,83.0,73.6607437133789,80.1925048828125,
e1,nasa,direct,B0006,42,84.0,73.37582397460938,80.80476379394531,
e1,nasa,direct,B0006,42,85.0,72.58146667480469,81.13481140136719,
e1,nasa,direct,B0006,42,86.0,72.59619140625,80.91080474853516,
e1,nasa,direct,B0006,42,87.0,72.357421875,80.00379943847656,
e1,nasa,direct,B0006,42,88.0,72.34268951416016,80.44198608398438,
e1,nasa,direct,B0006,42,89.0,72.08370971679688,79.98741912841797,
e1,nasa,direct,B0006,42,90.0,79.67933654785156,78.22834014892578,
e1,nasa,direct,B0006,42,91.0,77.31951141357422,79.13762664794922,
e1,nasa,direct,B0006,42,92.0,75.73528289794922,79.87479400634766,
e1,nasa,direct,B0006,42,93.0,74.94892883300781,80.21728515625,
e1,nasa,direct,B0006,42,94.0,74.15555572509766,79.78187561035156,
e1,nasa,direct,B0006,42,95.0,73.64832305908203,80.3492431640625,
e1,nasa,direct,B0006,42,96.0,73.13802337646484,79.9544906616211,
e1,nasa,direct,B0006,42,97.0,72.5918197631836,80.46073150634766,
e1,nasa,direct,B0006,42,98.0,72.34335327148438,80.43643188476562,
e1,nasa,direct,B0006,42,99.0,72.06902313232422,80.19084167480469,
e1,nasa,direct,B0006,42,100.0,71.56053924560547,80.48336791992188,
e1,nasa,direct,B0006,42,101.0,71.30123901367188,80.6085205078125,
e1,nasa,direct,B0006,42,102.0,71.02438354492188,79.90531158447266,
e1,nasa,direct,B0006,42,103.0,71.0350341796875,80.57494354248047,
e1,nasa,direct,B0006,42,104.0,72.61279296875,79.35948181152344,
e1,nasa,direct,B0006,42,105.0,71.577880859375,79.67626953125,
e1,nasa,direct,B0006,42,106.0,70.75078582763672,80.60365295410156,
e1,nasa,direct,B0006,42,107.0,70.48655700683594,79.9378662109375,
e1,nasa,direct,B0006,42,108.0,70.24586486816406,79.75320434570312,
e1,nasa,direct,B0006,42,109.0,69.75821685791016,79.36286163330078,
e1,nasa,direct,B0006,42,110.0,69.72672271728516,79.56478118896484,
e1,nasa,direct,B0006,42,111.0,69.46585845947266,80.03099822998047,
e1,nasa,direct,B0006,42,112.0,69.19189453125,80.04640197753906,
e1,nasa,direct,B0006,42,113.0,68.68407440185547,80.49996948242188,
e1,nasa,direct,B0006,42,114.0,68.9302978515625,79.96945190429688,
e1,nasa,direct,B0006,42,115.0,68.68800354003906,79.94596862792969,
e1,nasa,direct,B0006,42,116.0,68.41290283203125,80.04554748535156,
e1,nasa,direct,B0006,42,117.0,68.16512298583984,80.04505157470703,
e1,nasa,direct,B0006,42,118.0,67.90483093261719,79.38864135742188,
e1,nasa,direct,B0006,42,119.0,67.6634521484375,80.04681396484375,
e1,nasa,direct,B0006,42,120.0,69.2080307006836,79.93128967285156,
e1,nasa,direct,B0006,42,121.0,70.25733947753906,79.01638793945312,
e1,nasa,direct,B0006,42,122.0,68.93595123291016,79.8015365600586,
e1,nasa,direct,B0006,42,123.0,68.41329193115234,79.442626953125,
e1,nasa,direct,B0006,42,124.0,67.86575317382812,79.98653411865234,
e1,nasa,direct,B0006,42,125.0,67.62467193603516,79.47966766357422,
e1,nasa,direct,B0006,42,126.0,67.37049865722656,79.60319519042969,
e1,nasa,direct,B0006,42,127.0,66.85037231445312,79.75541687011719,
e1,nasa,direct,B0006,42,128.0,66.561767578125,79.7472152709961,
e1,nasa,direct,B0006,42,129.0,66.29651641845703,79.40393829345703,
e1,nasa,direct,B0006,42,130.0,66.07893371582031,79.8727035522461,
e1,nasa,direct,B0006,42,131.0,66.0612564086914,79.30000305175781,
e1,nasa,direct,B0006,42,132.0,65.78242492675781,79.05323791503906,
e1,nasa,direct,B0006,42,133.0,66.04512786865234,79.36671447753906,
e1,nasa,direct,B0006,42,134.0,67.37164306640625,78.80583190917969,
e1,nasa,direct,B0006,42,135.0,66.30064392089844,78.47575378417969,
e1,nasa,direct,B0006,42,136.0,65.50593566894531,79.15983581542969,
e1,nasa,direct,B0006,42,137.0,65.26081085205078,78.73959350585938,
e1,nasa,direct,B0006,42,138.0,65.02030944824219,79.49275207519531,
e1,nasa,direct,B0006,42,139.0,65.01178741455078,78.93275451660156,
e1,nasa,direct,B0006,42,140.0,64.47533416748047,79.47384643554688,
e1,nasa,direct,B0006,42,141.0,63.96265411376953,79.20867919921875,
e1,nasa,direct,B0006,42,142.0,63.960391998291016,78.75939178466797,
e1,nasa,direct,B0006,42,143.0,63.701839447021484,78.94573974609375,
e1,nasa,direct,B0006,42,144.0,63.70637130737305,78.79451751708984,
e1,nasa,direct,B0006,42,145.0,63.18819808959961,78.834716796875,
e1,nasa,direct,B0006,42,146.0,62.90686798095703,78.47999572753906,
e1,nasa,direct,B0006,42,147.0,62.662994384765625,79.31956481933594,
e1,nasa,direct,B0006,42,148.0,62.66156768798828,79.18413543701172,
e1,nasa,direct,B0006,42,149.0,62.40437316894531,78.64231872558594,
e1,nasa,direct,B0006,42,150.0,62.67177200317383,78.6311264038086,
e1,nasa,direct,B0006,42,151.0,64.49024200439453,78.07633209228516,
e1,nasa,direct,B0006,42,152.0,63.17700958251953,78.44480895996094,
e1,nasa,direct,B0006,42,153.0,62.398807525634766,78.23468017578125,
e1,nasa,direct,B0006,42,154.0,61.606014251708984,78.56407165527344,
e1,nasa,direct,B0006,42,155.0,61.355690002441406,78.9614028930664,
e1,nasa,direct,B0006,42,156.0,61.08698654174805,78.34262084960938,
e1,nasa,direct,B0006,42,157.0,60.55513381958008,78.72018432617188,
e1,nasa,direct,B0006,42,158.0,60.280799865722656,78.76995086669922,
e1,nasa,direct,B0006,42,159.0,60.044681549072266,78.81903076171875,
e1,nasa,direct,B0006,42,160.0,59.529518127441406,78.50111389160156,
e1,nasa,direct,B0006,42,161.0,59.25896072387695,78.38824462890625,
e1,nasa,direct,B0006,42,162.0,58.98353576660156,78.29673767089844,
e1,nasa,direct,B0006,42,163.0,58.72976303100586,78.5845718383789,
e1,nasa,direct,B0006,42,164.0,57.69091796875,78.3042221069336,
e1,nasa,direct,B0006,42,165.0,58.22004699707031,78.06413269042969,
e1,nasa,direct,B0006,42,166.0,57.939876556396484,78.73611450195312,
e1,nasa,direct,B0006,42,167.0,58.74874496459961,78.27061462402344,
e1,nasa,direct,B0006,42,168.0,59.28376007080078,78.29637145996094,
e3,nasa,hipif,B0006,42,1.0,101.76687622070312,101.58113098144531,100.0
e3,nasa,hipif,B0006,42,2.0,101.25701141357422,102.12677001953125,100.0
e3,nasa,hipif,B0006,42,3.0,100.66632080078125,100.72366333007812,100.0
e3,nasa,hipif,B0006,42,4.0,100.66423034667969,100.03758239746094,100.0
e3,nasa,hipif,B0006,42,5.0,100.02642059326172,101.46817016601562,100.0
e3,nasa,hipif,B0006,42,6.0,100.69495391845703,99.9141845703125,100.0
e3,nasa,hipif,B0006,42,7.0,100.6550521850586,100.31649780273438,100.0
e3,nasa,hipif,B0006,42,8.0,98.43949127197266,99.18235778808594,99.60978689827115
e3,nasa,hipif,B0006,42,9.0,98.40830993652344,98.34244537353516,99.10400612851122
e3,nasa,hipif,B0006,42,10.0,97.86154174804688,99.48704528808594,98.91474533081055
e3,nasa,hipif,B0006,42,11.0,97.27996063232422,98.25456237792969,98.41037894001241
e3,nasa,hipif,B0006,42,12.0,96.7375259399414,97.35757446289062,97.90523846250078
e3,nasa,hipif,B0006,42,13.0,96.16400146484375,96.67960357666016,97.4001447116073
e3,nasa,hipif,B0006,42,14.0,95.59449768066406,96.79505920410156,96.8968139088247
e3,nasa,hipif,B0006,42,15.0,95.05333709716797,96.91581726074219,96.7968266805013
e3,nasa,hipif,B0006,42,16.0,94.45995330810547,96.73933410644531,96.73933410644531
e3,nasa,hipif,B0006,42,17.0,93.9139175415039,95.27299499511719,96.2362273551345
e3,nasa,hipif,B0006,42,18.0,93.37848663330078,95.18392944335938,95.73371420545796
e3,nasa,hipif,B0006,42,19.0,93.37946319580078,94.11880493164062,95.22908607586413
e3,nasa,hipif,B0006,42,20.0,98.98133087158203,94.3851318359375,94.80722001251648
e3,nasa,hipif,B0006,42,21.0,97.87749481201172,93.34283447265625,94.23196047064933
e3,nasa,hipif,B0006,42,22.0,97.2907485961914,93.35580444335938,93.73273400954277
e3,nasa,hipif,B0006,42,23.0,96.2123031616211,92.45399475097656,93.23383440796901
e3,nasa,hipif,B0006,42,24.0,97.29905700683594,91.4208984375,92.72783421496344
e3,nasa,hipif,B0006,42,25.0,95.07039642333984,91.1054458618164,92.22538327956705
e3,nasa,hipif,B0006,42,26.0,93.93370819091797,91.88401794433594,91.91783256274219
e3,nasa,hipif,B0006,42,27.0,93.4153060913086,90.64865112304688,91.91783256274219
e3,nasa,hipif,B0006,42,28.0,92.80122375488281,90.30438232421875,91.91783256274219
e3,nasa,hipif,B0006,42,29.0,92.2599868774414,89.29703521728516,91.91783256274219
e3,nasa,hipif,B0006,42,30.0,92.86144256591797,89.1494140625,91.91783256274219
e3,nasa,hipif,B0006,42,31.0,96.23880767822266,88.29351043701172,91.91783256274219
e3,nasa,hipif,B0006,42,32.0,94.11158752441406,87.73792266845703,90.01797147482074
e3,nasa,hipif,B0006,42,33.0,92.76383209228516,87.57071685791016,88.9860108203076
e3,nasa,hipif,B0006,42,34.0,91.9625473022461,87.10376739501953,88.22058203978474
e3,nasa,hipif,B0006,42,35.0,90.9269790649414,87.04615783691406,87.47715494221006
e3,nasa,hipif,B0006,42,36.0,90.6738510131836,86.52068328857422,87.47715494221006
e3,nasa,hipif,B0006,42,37.0,89.85509490966797,86.02581024169922,87.47715494221006
e3,nasa,hipif,B0006,42,38.0,89.05023193359375,85.92301940917969,87.47715494221006
e3,nasa,hipif,B0006,42,39.0,88.55065155029297,85.6160659790039,87.47715494221006
e3,nasa,hipif,B0006,42,40.0,88.0235595703125,85.17872619628906,87.47715494221006
e3,nasa,hipif,B0006,42,41.0,87.51457214355469,84.72344970703125,87.47715494221006
e3,nasa,hipif,B0006,42,42.0,86.97462463378906,84.74991607666016,87.47715494221006
e3,nasa,hipif,B0006,42,43.0,87.73383331298828,85.091796875,87.47715494221006
e3,nasa,hipif,B0006,42,44.0,88.29695129394531,84.03379821777344,87.47715494221006
e3,nasa,hipif,B0006,42,45.0,86.68943786621094,83.79985809326172,87.47715494221006
e3,nasa,hipif,B0006,42,46.0,85.66629791259766,83.54681396484375,87.47715494221006
e3,nasa,hipif,B0006,42,47.0,85.12039184570312,83.29129028320312,87.47715494221006
e3,nasa,hipif,B0006,42,48.0,91.18597412109375,83.40467834472656,87.47715494221006
e3,nasa,hipif,B0006,42,49.0,90.40641784667969,83.28382110595703,86.74123846111969
e3,nasa,hipif,B0006,42,50.0,88.78805541992188,83.08708953857422,85.19749610681502
e3,nasa,hipif,B0006,42,51.0,87.23705291748047,83.13274383544922,83.7130905113865
e3,nasa,hipif,B0006,42,52.0,86.4603500366211,82.18055725097656,82.97204982107763
e3,nasa,hipif,B0006,42,53.0,85.40543365478516,82.09483337402344,82.09483337402344
e3,nasa,hipif,B0006,42,54.0,84.87976837158203,82.00064086914062,82.00064086914062
e3,nasa,hipif,B0006,42,55.0,84.1031723022461,81.72509765625,81.76769828796387
e3,nasa,hipif,B0006,42,56.0,83.57384490966797,81.62039947509766,81.76769828796387
e3,nasa,hipif,B0006,42,57.0,83.03795623779297,81.79318237304688,81.76769828796387
e3,nasa,hipif,B0006,42,58.0,82.5560531616211,81.93211364746094,81.76769828796387
e3,nasa,hipif,B0006,42,59.0,82.00674438476562,81.40077209472656,81.40077209472656
e3,nasa,hipif,B0006,42,60.0,81.45999908447266,81.3525390625,81.3525390625
e3,nasa,hipif,B0006,42,61.0,80.4424819946289,80.95838165283203,81.25796000162761
e3,nasa,hipif,B0006,42,62.0,80.17622375488281,81.55168151855469,81.25796000162761
e3,nasa,hipif,B0006,42,63.0,79.94856262207031,81.2638168334961,81.25796000162761
e3,nasa,hipif,B0006,42,64.0,79.38136291503906,81.1314468383789,81.1314468383789
e3,nasa,hipif,B0006,42,65.0,79.14859771728516,80.66671752929688,81.02958170572917
e3,nasa,hipif,B0006,42,66.0,78.35688018798828,81.18562316894531,81.02958170572917
e3,nasa,hipif,B0006,42,67.0,78.06723022460938,81.08705139160156,81.02958170572917
e3,nasa,hipif,B0006,42,68.0,77.55856323242188,80.7030029296875,81.02958170572917
e3,nasa,hipif,B0006,42,69.0,77.03370666503906,81.17559814453125,81.02958170572917
e3,nasa,hipif,B0006,42,70.0,76.26569366455078,81.3594970703125,81.02958170572917
e3,nasa,hipif,B0006,42,71.0,76.50785064697266,80.55201721191406,80.71125030517578
e3,nasa,hipif,B0006,42,72.0,76.23283386230469,80.8704833984375,80.71125030517578
e3,nasa,hipif,B0006,42,73.0,75.72746276855469,80.02706909179688,80.40355396270752
e3,nasa,hipif,B0006,42,74.0,75.46957397460938,80.29592895507812,80.40355396270752
e3,nasa,hipif,B0006,42,75.0,75.19987487792969,80.58908081054688,80.40355396270752
e3,nasa,hipif,B0006,42,76.0,74.67601013183594,80.12724304199219,80.40355396270752
e3,nasa,hipif,B0006,42,77.0,74.3816146850586,80.78108215332031,80.40355396270752
e3,nasa,hipif,B0006,42,78.0,76.5143814086914,80.50485229492188,80.40355396270752
e3,nasa,hipif,B0006,42,79.0,75.20380401611328,80.12068939208984,80.40355396270752
e3,nasa,hipif,B0006,42,80.0,74.4379653930664,80.78248596191406,80.40355396270752
e3,nasa,hipif,B0006,42,81.0,73.91389465332031,79.77388763427734,79.98595809936523
e3,nasa,hipif,B0006,42,82.0,73.9229965209961,79.85490417480469,79.98595809936523
e3,nasa,hipif,B0006,42,83.0,73.6607437133789,79.65525817871094,79.98595809936523
e3,nasa,hipif,B0006,42,84.0,73.37582397460938,80.10699462890625,79.98595809936523
e3,nasa,hipif,B0006,42,85.0,72.58146667480469,80.35107421875,79.98595809936523
e3,nasa,hipif,B0006,42,86.0,72.59619140625,80.17362976074219,79.98595809936523
e3,nasa,hipif,B0006,42,87.0,72.357421875,79.45939636230469,79.63131713867188
e3,nasa,hipif,B0006,42,88.0,72.34268951416016,79.80323791503906,79.63131713867188
e3,nasa,hipif,B0006,42,89.0,72.08370971679688,79.44710540771484,79.50786942702074
e3,nasa,hipif,B0006,42,90.0,79.67933654785156,78.56623077392578,79.50786942702074
e3,nasa,hipif,B0006,42,91.0,77.31951141357422,79.09828186035156,79.50786942702074
e3,nasa,hipif,B0006,42,92.0,75.73528289794922,79.45099639892578,79.50786942702074
e3,nasa,hipif,B0006,42,93.0,74.94892883300781,79.74266052246094,79.50786942702074
e3,nasa,hipif,B0006,42,94.0,74.15555572509766,79.30034637451172,79.50786942702074
e3,nasa,hipif,B0006,42,95.0,73.64832305908203,79.77754974365234,79.50786942702074
e3,nasa,hipif,B0006,42,96.0,73.13802337646484,79.40974426269531,79.50786942702074
e3,nasa,hipif,B0006,42,97.0,72.5918197631836,79.82122802734375,79.50786942702074
e3,nasa,hipif,B0006,42,98.0,72.34335327148438,79.76771545410156,79.50786942702074
e3,nasa,hipif,B0006,42,99.0,72.06902313232422,79.5600814819336,79.50786942702074
e3,nasa,hipif,B0006,42,100.0,71.56053924560547,79.77554321289062,79.50786942702074
e3,nasa,hipif,B0006,42,101.0,71.30123901367188,79.88481903076172,79.50786942702074
e3,nasa,hipif,B0006,42,102.0,71.02438354492188,79.24093627929688,79.50092315673828
e3,nasa,hipif,B0006,42,103.0,71.0350341796875,79.76091003417969,79.50092315673828
e3,nasa,hipif,B0006,42,104.0,72.61279296875,78.87576293945312,79.22953287760417
e3,nasa,hipif,B0006,42,105.0,71.577880859375,79.01602172851562,79.22953287760417
e3,nasa,hipif,B0006,42,106.0,70.75078582763672,79.79681396484375,79.22953287760417
e3,nasa,hipif,B0006,42,107.0,70.48655700683594,79.20307922363281,79.20307922363281
e3,nasa,hipif,B0006,42,108.0,70.24586486816406,79.03691101074219,79.14365844726562
e3,nasa,hipif,B0006,42,109.0,69.75821685791016,78.67648315429688,79.14365844726562
e3,nasa,hipif,B0006,42,110.0,69.72672271728516,78.85218811035156,79.14365844726562
e3,nasa,hipif,B0006,42,111.0,69.46585845947266,79.25223541259766,79.14365844726562
e3,nasa,hipif,B0006,42,112.0,69.19189453125,79.24461364746094,79.14365844726562
e3,nasa,hipif,B0006,42,113.0,68.68407440185547,79.58987426757812,79.14365844726562
e3,nasa,hipif,B0006,42,114.0,68.9302978515625,79.19075775146484,79.14365844726562
e3,nasa,hipif,B0006,42,115.0,68.68800354003906,79.15587615966797,79.14365844726562
e3,nasa,hipif,B0006,42,116.0,68.41290283203125,79.22489166259766,79.14365844726562
e3,nasa,hipif,B0006,42,117.0,68.16512298583984,79.21275329589844,79.14365844726562
e3,nasa,hipif,B0006,42,118.0,67.90483093261719,78.64855194091797,78.96510060628255
e3,nasa,hipif,B0006,42,119.0,67.6634521484375,79.20230865478516,78.96510060628255
e3,nasa,hipif,B0006,42,120.0,69.2080307006836,79.04444122314453,78.96510060628255
e3,nasa,hipif,B0006,42,121.0,70.25733947753906,78.65324401855469,78.95736503601074
e3,nasa,hipif,B0006,42,122.0,68.93595123291016,79.1624755859375,78.95736503601074
e3,nasa,hipif,B0006,42,123.0,68.41329193115234,78.78932189941406,78.95736503601074
e3,nasa,hipif,B0006,42,124.0,67.86575317382812,79.22441864013672,78.95736503601074
e3,nasa,hipif,B0006,42,125.0,67.62467193603516,78.79391479492188,78.93123054504395
e3,nasa,hipif,B0006,42,126.0,67.37049865722656,78.90570068359375,78.93123054504395
e3,nasa,hipif,B0006,42,127.0,66.85037231445312,79.0198745727539,78.93123054504395
e3,nasa,hipif,B0006,42,128.0,66.561767578125,79.00543212890625,78.93123054504395
e3,nasa,hipif,B0006,42,129.0,66.29651641845703,78.67162322998047,78.87987899780273
e3,nasa,hipif,B0006,42,130.0,66.07893371582031,79.088134765625,78.87987899780273
e3,nasa,hipif,B0006,42,131.0,66.0612564086914,78.65159606933594,78.65159606933594
e3,nasa,hipif,B0006,42,132.0,65.78242492675781,78.41667175292969,78.49382019042969
e3,nasa,hipif,B0006,42,133.0,66.04512786865234,78.57096862792969,78.49382019042969
e3,nasa,hipif,B0006,42,134.0,67.37164306640625,78.41876220703125,78.48813247680664
e3,nasa,hipif,B0006,42,135.0,66.30064392089844,77.99695587158203,78.48813247680664
e3,nasa,hipif,B0006,42,136.0,65.50593566894531,78.5938949584961,78.48813247680664
e3,nasa,hipif,B0006,42,137.0,65.26081085205078,78.17911529541016,78.48813247680664
e3,nasa,hipif,B0006,42,138.0,65.02030944824219,78.87933349609375,78.48813247680664
e3,nasa,hipif,B0006,42,139.0,65.01178741455078,78.39009094238281,78.48813247680664
e3,nasa,hipif,B0006,42,140.0,64.47533416748047,78.85407257080078,78.48813247680664
e3,nasa,hipif,B0006,42,141.0,63.96265411376953,78.59283447265625,78.48813247680664
e3,nasa,hipif,B0006,42,142.0,63.960391998291016,78.17556762695312,78.30672345842633
e3,nasa,hipif,B0006,42,143.0,63.701839447021484,78.37000274658203,78.30672345842633
e3,nasa,hipif,B0006,42,144.0,63.70637130737305,78.2257080078125,78.30672345842633
e3,nasa,hipif,B0006,42,145.0,63.18819808959961,78.23220825195312,78.30672345842633
e3,nasa,hipif,B0006,42,146.0,62.90686798095703,77.89176940917969,78.30672345842633
e3,nasa,hipif,B0006,42,147.0,62.662994384765625,78.67487335205078,78.30672345842633
e3,nasa,hipif,B0006,42,148.0,62.66156768798828,78.57693481445312,78.30672345842633
e3,nasa,hipif,B0006,42,149.0,62.40437316894531,78.05819702148438,78.05819702148438
e3,nasa,hipif,B0006,42,150.0,62.67177200317383,77.9130859375,77.95091323852539
e3,nasa,hipif,B0006,42,151.0,64.49024200439453,77.54314422607422,77.95091323852539
e3,nasa,hipif,B0006,42,152.0,63.17700958251953,77.87310791015625,77.95091323852539
e3,nasa,hipif,B0006,42,153.0,62.398807525634766,77.6430892944336,77.95091323852539
e3,nasa,hipif,B0006,42,154.0,61.606014251708984,77.97474670410156,77.95091323852539
e3,nasa,hipif,B0006,42,155.0,61.355690002441406,78.37809753417969,77.95091323852539
e3,nasa,hipif,B0006,42,156.0,61.08698654174805,77.72410583496094,77.95091323852539
e3,nasa,hipif,B0006,42,157.0,60.55513381958008,78.1109390258789,77.95091323852539
e3,nasa,hipif,B0006,42,158.0,60.280799865722656,78.15166473388672,77.95091323852539
e3,nasa,hipif,B0006,42,159.0,60.044681549072266,78.19715118408203,77.95091323852539
e3,nasa,hipif,B0006,42,160.0,59.529518127441406,77.86178588867188,77.86178588867188
e3,nasa,hipif,B0006,42,161.0,59.25896072387695,77.73833465576172,77.76426951090495
e3,nasa,hipif,B0006,42,162.0,58.98353576660156,77.63367462158203,77.76426951090495
e3,nasa,hipif,B0006,42,163.0,58.72976303100586,77.9207992553711,77.76426951090495
e3,nasa,hipif,B0006,42,164.0,57.69091796875,77.65770721435547,77.69635772705078
e3,nasa,hipif,B0006,42,165.0,58.22004699707031,77.37623596191406,77.69635772705078
e3,nasa,hipif,B0006,42,166.0,57.939876556396484,78.05513000488281,77.69635772705078
e3,nasa,hipif,B0006,42,167.0,58.74874496459961,77.67291259765625,77.67291259765625
e3,nasa,hipif,B0006,42,168.0,59.28376007080078,77.57615661621094,77.57615661621094
e1,nasa,direct,B0007,42,1.0,94.5526123046875,103.15011596679688,
e1,nasa,direct,B0007,42,2.0,94.03185272216797,103.4903564453125,
e1,nasa,direct,B0007,42,3.0,94.03313446044922,104.18408203125,
e1,nasa,direct,B0007,42,4.0,94.03854370117188,104.59954071044922,
e1,nasa,direct,B0007,42,5.0,93.97254180908203,104.095458984375,
e1,nasa,direct,B0007,42,6.0,94.03501892089844,100.85858154296875,
e1,nasa,direct,B0007,42,7.0,93.99676513671875,100.564453125,
e1,nasa,direct,B0007,42,8.0,94.075439453125,100.78975677490234,
e1,nasa,direct,B0007,42,9.0,93.48454284667969,100.67697143554688,
e1,nasa,direct,B0007,42,10.0,93.50261688232422,100.50108337402344,
e1,nasa,direct,B0007,42,11.0,93.50221252441406,100.33325958251953,
e1,nasa,direct,B0007,42,12.0,92.98259735107422,98.8861083984375,
e1,nasa,direct,B0007,42,13.0,92.9537353515625,98.18087768554688,
e1,nasa,direct,B0007,42,14.0,92.95042419433594,97.76924896240234,
e1,nasa,direct,B0007,42,15.0,92.96810913085938,95.90162658691406,
e1,nasa,direct,B0007,42,16.0,92.93677520751953,95.72036743164062,
e1,nasa,direct,B0007,42,17.0,92.39086151123047,95.10488891601562,
e1,nasa,direct,B0007,42,18.0,92.42626190185547,94.30101013183594,
e1,nasa,direct,B0007,42,19.0,92.4189453125,93.61649322509766,
e1,nasa,direct,B0007,42,20.0,94.03902435302734,93.31214904785156,
e1,nasa,direct,B0007,42,21.0,94.0736083984375,92.59500885009766,
e1,nasa,direct,B0007,42,22.0,94.05477142333984,92.01336669921875,
e1,nasa,direct,B0007,42,23.0,93.55044555664062,91.00407409667969,
e1,nasa,direct,B0007,42,24.0,93.50997924804688,90.81059265136719,
e1,nasa,direct,B0007,42,25.0,93.53357696533203,89.92897033691406,
e1,nasa,direct,B0007,42,26.0,92.98062133789062,89.02647399902344,
e1,nasa,direct,B0007,42,27.0,93.00169372558594,88.94131469726562,
e1,nasa,direct,B0007,42,28.0,92.95826721191406,88.00152587890625,
e1,nasa,direct,B0007,42,29.0,92.40699005126953,87.87173461914062,
e1,nasa,direct,B0007,42,30.0,92.4600830078125,87.44390106201172,
e1,nasa,direct,B0007,42,31.0,94.17338562011719,86.77872467041016,
e1,nasa,direct,B0007,42,32.0,93.14105224609375,86.5362777709961,
e1,nasa,direct,B0007,42,33.0,92.60425567626953,86.07865142822266,
e1,nasa,direct,B0007,42,34.0,92.34752655029297,85.85738372802734,
e1,nasa,direct,B0007,42,35.0,91.84142303466797,85.52650451660156,
e1,nasa,direct,B0007,42,36.0,91.85810089111328,85.11276245117188,
e1,nasa,direct,B0007,42,37.0,91.58361053466797,84.98310852050781,
e1,nasa,direct,B0007,42,38.0,91.05735778808594,84.51670837402344,
e1,nasa,direct,B0007,42,39.0,90.82530212402344,84.25064849853516,
e1,nasa,direct,B0007,42,40.0,90.56907653808594,83.88656616210938,
e1,nasa,direct,B0007,42,41.0,90.58028411865234,83.61236572265625,
e1,nasa,direct,B0007,42,42.0,90.30274200439453,83.3130111694336,
e1,nasa,direct,B0007,42,43.0,90.66020965576172,83.30159759521484,
e1,nasa,direct,B0007,42,44.0,90.3132095336914,82.94692993164062,
e1,nasa,direct,B0007,42,45.0,89.79154968261719,83.05784606933594,
e1,nasa,direct,B0007,42,46.0,89.29426574707031,82.34894561767578,
e1,nasa,direct,B0007,42,47.0,89.01634216308594,82.3724594116211,
e1,nasa,direct,B0007,42,48.0,90.7537841796875,81.7497329711914,
e1,nasa,direct,B0007,42,49.0,90.78512573242188,81.18302154541016,
e1,nasa,direct,B0007,42,50.0,90.01216125488281,81.12388610839844,
e1,nasa,direct,B0007,42,51.0,89.52238464355469,81.19407653808594,
e1,nasa,direct,B0007,42,52.0,89.01715087890625,81.1122817993164,
e1,nasa,direct,B0007,42,53.0,88.76644134521484,81.41831970214844,
e1,nasa,direct,B0007,42,54.0,88.51314544677734,81.3897705078125,
e1,nasa,direct,B0007,42,55.0,88.0040512084961,80.93267059326172,
e1,nasa,direct,B0007,42,56.0,87.48237609863281,81.83527374267578,
e1,nasa,direct,B0007,42,57.0,87.48250579833984,81.40998840332031,
e1,nasa,direct,B0007,42,58.0,87.25143432617188,81.4555892944336,
e1,nasa,direct,B0007,42,59.0,86.98228454589844,80.91545867919922,
e1,nasa,direct,B0007,42,60.0,86.42821502685547,81.52946472167969,
e1,nasa,direct,B0007,42,61.0,86.19501495361328,80.45585632324219,
e1,nasa,direct,B0007,42,62.0,85.69894409179688,81.37372589111328,
e1,nasa,direct,B0007,42,63.0,85.6985092163086,80.4607162475586,
e1,nasa,direct,B0007,42,64.0,85.18260955810547,81.17394256591797,
e1,nasa,direct,B0007,42,65.0,85.20068359375,80.55218505859375,
e1,nasa,direct,B0007,42,66.0,84.67858123779297,79.89778137207031,
e1,nasa,direct,B0007,42,67.0,84.38288879394531,79.95909118652344,
e1,nasa,direct,B0007,42,68.0,84.15372467041016,79.832763671875,
e1,nasa,direct,B0007,42,69.0,83.89634704589844,79.7264633178711,
e1,nasa,direct,B0007,42,70.0,83.6603012084961,79.759521484375,
e1,nasa,direct,B0007,42,71.0,83.37183380126953,79.67110443115234,
e1,nasa,direct,B0007,42,72.0,83.11331176757812,79.59213256835938,
e1,nasa,direct,B0007,42,73.0,82.8712158203125,79.81554412841797,
e1,nasa,direct,B0007,42,74.0,82.62693786621094,79.89485168457031,
e1,nasa,direct,B0007,42,75.0,82.36087036132812,79.63916015625,
e1,nasa,direct,B0007,42,76.0,81.82068634033203,79.99226379394531,
e1,nasa,direct,B0007,42,77.0,81.81277465820312,79.75343322753906,
e1,nasa,direct,B0007,42,78.0,82.05596160888672,79.77257537841797,
e1,nasa,direct,B0007,42,79.0,81.57850646972656,79.34793090820312,
e1,nasa,direct,B0007,42,80.0,81.06066131591797,80.01779174804688,
e1,nasa,direct,B0007,42,81.0,80.82136535644531,79.66522216796875,
e1,nasa,direct,B0007,42,82.0,80.79117584228516,79.9546127319336,
e1,nasa,direct,B0007,42,83.0,80.83621215820312,79.28494262695312,
e1,nasa,direct,B0007,42,84.0,80.54328155517578,79.1638412475586,
e1,nasa,direct,B0007,42,85.0,80.03302001953125,79.6640625,
e1,nasa,direct,B0007,42,86.0,79.7958755493164,80.36243438720703,
e1,nasa,direct,B0007,42,87.0,79.81089782714844,79.03023529052734,
e1,nasa,direct,B0007,42,88.0,79.79032897949219,79.17784881591797,
e1,nasa,direct,B0007,42,89.0,79.53253936767578,80.25881958007812,
e1,nasa,direct,B0007,42,90.0,84.44105529785156,77.53838348388672,
e1,nasa,direct,B0007,42,91.0,81.29969024658203,78.91075897216797,
e1,nasa,direct,B0007,42,92.0,80.78717041015625,79.494873046875,
e1,nasa,direct,B0007,42,93.0,80.28313446044922,79.48465728759766,
e1,nasa,direct,B0007,42,94.0,79.74873352050781,78.81716918945312,
e1,nasa,direct,B0007,42,95.0,79.52051544189453,79.20170593261719,
e1,nasa,direct,B0007,42,96.0,79.26758575439453,79.02717590332031,
e1,nasa,direct,B0007,42,97.0,78.99868774414062,78.88362884521484,
e1,nasa,direct,B0007,42,98.0,78.76092529296875,78.74980163574219,
e1,nasa,direct,B0007,42,99.0,78.48992156982422,78.70021057128906,
e1,nasa,direct,B0007,42,100.0,78.51282501220703,78.21580505371094,
e1,nasa,direct,B0007,42,101.0,78.26249694824219,79.54025268554688,
e1,nasa,direct,B0007,42,102.0,77.98169708251953,79.07930755615234,
e1,nasa,direct,B0007,42,103.0,78.24909973144531,79.19740295410156,
e1,nasa,direct,B0007,42,104.0,78.74897766113281,78.68370056152344,
e1,nasa,direct,B0007,42,105.0,78.26405334472656,79.17485046386719,
e1,nasa,direct,B0007,42,106.0,77.98777770996094,77.89527893066406,
e1,nasa,direct,B0007,42,107.0,77.49488067626953,79.30848693847656,
e1,nasa,direct,B0007,42,108.0,77.19385528564453,78.22893524169922,
e1,nasa,direct,B0007,42,109.0,77.25093841552734,78.89057159423828,
e1,nasa,direct,B0007,42,110.0,77.22969818115234,78.04296875,
e1,nasa,direct,B0007,42,111.0,76.7154312133789,78.54166412353516,
e1,nasa,direct,B0007,42,112.0,76.43801879882812,78.4178695678711,
e1,nasa,direct,B0007,42,113.0,76.44630432128906,78.67752838134766,
e1,nasa,direct,B0007,42,114.0,76.45458221435547,79.09685516357422,
e1,nasa,direct,B0007,42,115.0,76.19529724121094,78.97207641601562,
e1,nasa,direct,B0007,42,116.0,75.93338012695312,78.78129577636719,
e1,nasa,direct,B0007,42,117.0,75.68241119384766,78.8105239868164,
e1,nasa,direct,B0007,42,118.0,75.68025207519531,78.7703628540039,
e1,nasa,direct,B0007,42,119.0,75.69734954833984,78.77303314208984,
e1,nasa,direct,B0007,42,120.0,76.697998046875,79.0694580078125,
e1,nasa,direct,B0007,42,121.0,76.95686340332031,77.03063201904297,
e1,nasa,direct,B0007,42,122.0,76.18123626708984,78.54707336425781,
e1,nasa,direct,B0007,42,123.0,75.67906188964844,78.19523620605469,
e1,nasa,direct,B0007,42,124.0,75.38925170898438,78.08949279785156,
e1,nasa,direct,B0007,42,125.0,75.15980529785156,78.14459991455078,
e1,nasa,direct,B0007,42,126.0,74.89110565185547,77.75922393798828,
e1,nasa,direct,B0007,42,127.0,74.64242553710938,77.71978759765625,
e1,nasa,direct,B0007,42,128.0,74.62071990966797,77.60681915283203,
e1,nasa,direct,B0007,42,129.0,74.37413787841797,78.7466049194336,
e1,nasa,direct,B0007,42,130.0,74.12675476074219,78.40306854248047,
e1,nasa,direct,B0007,42,131.0,74.13937377929688,77.72223663330078,
e1,nasa,direct,B0007,42,132.0,73.84855651855469,78.60115051269531,
e1,nasa,direct,B0007,42,133.0,74.09507751464844,78.056640625,
e1,nasa,direct,B0007,42,134.0,74.90682983398438,77.26506805419922,
e1,nasa,direct,B0007,42,135.0,74.10387420654297,77.81767272949219,
e1,nasa,direct,B0007,42,136.0,73.85577392578125,78.60104370117188,
e1,nasa,direct,B0007,42,137.0,73.60386657714844,78.71810150146484,
e1,nasa,direct,B0007,42,138.0,73.6124038696289,77.56665802001953,
e1,nasa,direct,B0007,42,139.0,73.35053253173828,78.07608795166016,
e1,nasa,direct,B0007,42,140.0,73.08836364746094,77.99592590332031,
e1,nasa,direct,B0007,42,141.0,72.83476257324219,78.31153106689453,
e1,nasa,direct,B0007,42,142.0,72.5677490234375,78.08892822265625,
e1,nasa,direct,B0007,42,143.0,72.58079528808594,78.0079345703125,
e1,nasa,direct,B0007,42,144.0,72.34080505371094,77.54525756835938,
e1,nasa,direct,B0007,42,145.0,72.33785247802734,78.65509796142578,
e1,nasa,direct,B0007,42,146.0,72.06898498535156,78.73214721679688,
e1,nasa,direct,B0007,42,147.0,71.8122787475586,78.14899444580078,
e1,nasa,direct,B0007,42,148.0,71.84077453613281,78.38729858398438,
e1,nasa,direct,B0007,42,149.0,71.81472778320312,78.55694580078125,
e1,nasa,direct,B0007,42,150.0,72.09288024902344,79.16876983642578,
e1,nasa,direct,B0007,42,151.0,73.36032104492188,76.82454681396484,
e1,nasa,direct,B0007,42,152.0,72.59320068359375,78.03172302246094,
e1,nasa,direct,B0007,42,153.0,72.35689544677734,77.12808227539062,
e1,nasa,direct,B0007,42,154.0,72.08953094482422,77.24846649169922,
e1,nasa,direct,B0007,42,155.0,71.58155059814453,77.43153381347656,
e1,nasa,direct,B0007,42,156.0,71.59042358398438,78.42415618896484,
e1,nasa,direct,B0007,42,157.0,71.31281280517578,77.61622619628906,
e1,nasa,direct,B0007,42,158.0,71.30438995361328,77.31401824951172,
e1,nasa,direct,B0007,42,159.0,71.06316375732422,78.21776580810547,
e1,nasa,direct,B0007,42,160.0,70.81636047363281,77.39825439453125,
e1,nasa,direct,B0007,42,161.0,70.82891082763672,78.35795593261719,
e1,nasa,direct,B0007,42,162.0,70.54200744628906,77.5006103515625,
e1,nasa,direct,B0007,42,163.0,70.54975128173828,78.2784423828125,
e1,nasa,direct,B0007,42,164.0,70.3085708618164,77.60009765625,
e1,nasa,direct,B0007,42,165.0,70.3167953491211,78.21781158447266,
e1,nasa,direct,B0007,42,166.0,70.02275848388672,77.47022247314453,
e1,nasa,direct,B0007,42,167.0,71.08932495117188,78.3271484375,
e1,nasa,direct,B0007,42,168.0,71.62276458740234,76.2488784790039,
e3,nasa,hipif,B0007,42,1.0,94.5526123046875,102.27941131591797,100.0
e3,nasa,hipif,B0007,42,2.0,94.03185272216797,102.06391143798828,100.0
e3,nasa,hipif,B0007,42,3.0,94.03313446044922,102.62223815917969,100.0
e3,nasa,hipif,B0007,42,4.0,94.03854370117188,103.40933227539062,100.0
e3,nasa,hipif,B0007,42,5.0,93.97254180908203,103.19294738769531,100.0
e3,nasa,hipif,B0007,42,6.0,94.03501892089844,100.3729248046875,100.0
e3,nasa,hipif,B0007,42,7.0,93.99676513671875,100.26091003417969,100.0
e3,nasa,hipif,B0007,42,8.0,94.075439453125,100.201416015625,100.0
e3,nasa,hipif,B0007,42,9.0,93.48454284667969,100.05606842041016,100.0
e3,nasa,hipif,B0007,42,10.0,93.50261688232422,99.8865966796875,100.0
e3,nasa,hipif,B0007,42,11.0,93.50221252441406,99.59843444824219,99.59843444824219
e3,nasa,hipif,B0007,42,12.0,92.98259735107422,98.62803649902344,99.06006490654859
e3,nasa,hipif,B0007,42,13.0,92.9537353515625,98.05789184570312,98.52372058057556
e3,nasa,hipif,B0007,42,14.0,92.95042419433594,97.62054443359375,97.97221893377358
e3,nasa,hipif,B0007,42,15.0,92.96810913085938,96.21432495117188,97.45292664255759
e3,nasa,hipif,B0007,42,16.0,92.93677520751953,96.12212371826172,96.92826131220936
e3,nasa,hipif,B0007,42,17.0,92.39086151123047,95.82994079589844,96.39102963879282
e3,nasa,hipif,B0007,42,18.0,92.42626190185547,94.82199096679688,95.87567797572942
e3,nasa,hipif,B0007,42,19.0,92.4189453125,94.80195617675781,95.35458635036363
e3,nasa,hipif,B0007,42,20.0,94.03902435302734,93.92756652832031,94.81366695140558
e3,nasa,hipif,B0007,42,21.0,94.0736083984375,93.2059326171875,94.2622579989054
e3,nasa,hipif,B0007,42,22.0,94.05477142333984,93.00862121582031,93.74197110329027
e3,nasa,hipif,B0007,42,23.0,93.55044555664062,91.89828491210938,93.20018423298806
e3,nasa,hipif,B0007,42,24.0,93.50997924804688,91.4715576171875,92.64211513313147
e3,nasa,hipif,B0007,42,25.0,93.53357696533203,91.40082550048828,92.12359430430776
e3,nasa,hipif,B0007,42,26.0,92.98062133789062,90.53610229492188,91.58402602364163
e3,nasa,hipif,B0007,42,27.0,93.00169372558594,90.70225524902344,91.06942656760911
e3,nasa,hipif,B0007,42,28.0,92.95826721191406,89.77741241455078,90.57926331805906
e3,nasa,hipif,B0007,42,29.0,92.40699005126953,89.57553100585938,90.57926331805906
e3,nasa,hipif,B0007,42,30.0,92.4600830078125,89.27133178710938,90.57926331805906
e3,nasa,hipif,B0007,42,31.0,94.17338562011719,88.92537689208984,90.57926331805906
e3,nasa,hipif,B0007,42,32.0,93.14105224609375,88.80313110351562,89.47557997181553
e3,nasa,hipif,B0007,42,33.0,92.60425567626953,88.62786865234375,88.96878052155049
e3,nasa,hipif,B0007,42,34.0,92.34752655029297,88.0801010131836,88.72217459747625
e3,nasa,hipif,B0007,42,35.0,91.84142303466797,88.01192474365234,88.25606456589131
e3,nasa,hipif,B0007,42,36.0,91.85810089111328,87.47438049316406,88.25606456589131
e3,nasa,hipif,B0007,42,37.0,91.58361053466797,87.18926239013672,87.99448602406977
e3,nasa,hipif,B0007,42,38.0,91.05735778808594,87.18463897705078,87.49194217958043
e3,nasa,hipif,B0007,42,39.0,90.82530212402344,86.74160766601562,87.27129238928954
e3,nasa,hipif,B0007,42,40.0,90.56907653808594,86.4790267944336,87.22572084878344
e3,nasa,hipif,B0007,42,41.0,90.58028411865234,85.82222747802734,87.22572084878344
e3,nasa,hipif,B0007,42,42.0,90.30274200439453,85.52926635742188,87.22572084878344
e3,nasa,hipif,B0007,42,43.0,90.66020965576172,85.29100799560547,87.22572084878344
e3,nasa,hipif,B0007,42,44.0,90.3132095336914,84.78941345214844,87.22572084878344
e3,nasa,hipif,B0007,42,45.0,89.79154968261719,84.73831939697266,87.22572084878344
e3,nasa,hipif,B0007,42,46.0,89.29426574707031,84.2467041015625,87.22572084878344
e3,nasa,hipif,B0007,42,47.0,89.01634216308594,83.99845886230469,87.22572084878344
e3,nasa,hipif,B0007,42,48.0,90.7537841796875,83.46058654785156,87.22572084878344
e3,nasa,hipif,B0007,42,49.0,90.78512573242188,82.777099609375,87.22572084878344
e3,nasa,hipif,B0007,42,50.0,90.01216125488281,82.65530395507812,86.49138972542401
e3,nasa,hipif,B0007,42,51.0,89.52238464355469,82.5773696899414,86.02077026669986
e3,nasa,hipif,B0007,42,52.0,89.01715087890625,82.39230346679688,85.66741593019185
e3,nasa,hipif,B0007,42,53.0,88.76644134521484,82.6446533203125,85.42795108136018
e3,nasa,hipif,B0007,42,54.0,88.51314544677734,82.55989074707031,85.18714098537649
e3,nasa,hipif,B0007,42,55.0,88.0040512084961,82.01058197021484,84.70155115733836
e3,nasa,hipif,B0007,42,56.0,87.48237609863281,82.87644958496094,84.46112634408463
e3,nasa,hipif,B0007,42,57.0,87.48250579833984,82.48237609863281,84.20859592583153
e3,nasa,hipif,B0007,42,58.0,87.25143432617188,82.45067596435547,83.98864201467845
e3,nasa,hipif,B0007,42,59.0,86.98228454589844,81.92378997802734,83.72905358237563
e3,nasa,hipif,B0007,42,60.0,86.42821502685547,82.41278076171875,83.45644232814071
e3,nasa,hipif,B0007,42,61.0,86.19501495361328,81.35702514648438,82.98173567375693
e3,nasa,hipif,B0007,42,62.0,85.69894409179688,82.1689682006836,82.76349198717969
e3,nasa,hipif,B0007,42,63.0,85.6985092163086,81.2968521118164,82.5087310291394
e3,nasa,hipif,B0007,42,64.0,85.18260955810547,81.93022918701172,82.27508479496791
e3,nasa,hipif,B0007,42,65.0,85.20068359375,81.34281921386719,82.03555987677133
e3,nasa,hipif,B0007,42,66.0,84.67858123779297,80.6078872680664,81.56807900546238
e3,nasa,hipif,B0007,42,67.0,84.38288879394531,80.6507568359375,81.56807900546238
e3,nasa,hipif,B0007,42,68.0,84.15372467041016,80.52651977539062,81.56807900546238
e3,nasa,hipif,B0007,42,69.0,83.89634704589844,80.3916015625,81.56807900546238
e3,nasa,hipif,B0007,42,70.0,83.6603012084961,80.43946838378906,81.56807900546238
e3,nasa,hipif,B0007,42,71.0,83.37183380126953,80.36676788330078,81.56807900546238
e3,nasa,hipif,B0007,42,72.0,83.11331176757812,80.27645874023438,81.56807900546238
e3,nasa,hipif,B0007,42,73.0,82.8712158203125,80.48900604248047,81.56807900546238
e3,nasa,hipif,B0007,42,74.0,82.62693786621094,80.57677459716797,81.56807900546238
e3,nasa,hipif,B0007,42,75.0,82.36087036132812,80.35722351074219,81.56807900546238
e3,nasa,hipif,B0007,42,76.0,81.82068634033203,80.65357971191406,81.56807900546238
e3,nasa,hipif,B0007,42,77.0,81.81277465820312,80.4755859375,81.56807900546238
e3,nasa,hipif,B0007,42,78.0,82.05596160888672,80.53564453125,81.56807900546238
e3,nasa,hipif,B0007,42,79.0,81.57850646972656,80.08858489990234,81.56807900546238
e3,nasa,hipif,B0007,42,80.0,81.06066131591797,80.67172241210938,81.56807900546238
e3,nasa,hipif,B0007,42,81.0,80.82136535644531,80.35629272460938,81.56807900546238
e3,nasa,hipif,B0007,42,82.0,80.79117584228516,80.60576629638672,81.56807900546238
e3,nasa,hipif,B0007,42,83.0,80.83621215820312,80.00106811523438,81.56807900546238
e3,nasa,hipif,B0007,42,84.0,80.54328155517578,79.8543930053711,81.56807900546238
e3,nasa,hipif,B0007,42,85.0,80.03302001953125,80.37262725830078,81.56807900546238
e3,nasa,hipif,B0007,42,86.0,79.7958755493164,80.8604965209961,81.56807900546238
e3,nasa,hipif,B0007,42,87.0,79.81089782714844,79.68155670166016,81.56807900546238
e3,nasa,hipif,B0007,42,88.0,79.79032897949219,79.84634399414062,81.56807900546238
e3,nasa,hipif,B0007,42,89.0,79.53253936767578,80.67528533935547,81.56807900546238
e3,nasa,hipif,B0007,42,90.0,84.44105529785156,78.15496826171875,81.56807900546238
e3,nasa,hipif,B0007,42,91.0,81.29969024658203,79.55569458007812,79.51152910505023
e3,nasa,hipif,B0007,42,92.0,80.78717041015625,79.96127319335938,79.51152910505023
e3,nasa,hipif,B0007,42,93.0,80.28313446044922,80.0104751586914,79.51152910505023
e3,nasa,hipif,B0007,42,94.0,79.74873352050781,79.48377990722656,79.51152910505023
e3,nasa,hipif,B0007,42,95.0,79.52051544189453,79.78822326660156,79.51152910505023
e3,nasa,hipif,B0007,42,96.0,79.26758575439453,79.62628936767578,79.51152910505023
e3,nasa,hipif,B0007,42,97.0,78.99868774414062,79.50213623046875,79.50213623046875
e3,nasa,hipif,B0007,42,98.0,78.76092529296875,79.3806381225586,79.43399175008138
e3,nasa,hipif,B0007,42,99.0,78.48992156982422,79.32950592041016,79.43399175008138
e3,nasa,hipif,B0007,42,100.0,78.51282501220703,78.8672866821289,79.43399175008138
e3,nasa,hipif,B0007,42,101.0,78.26249694824219,79.8156509399414,79.43399175008138
e3,nasa,hipif,B0007,42,102.0,77.98169708251953,79.56871795654297,79.43399175008138
e3,nasa,hipif,B0007,42,103.0,78.24909973144531,79.64215087890625,79.43399175008138
e3,nasa,hipif,B0007,42,104.0,78.74897766113281,78.9996566772461,79.1603889465332
e3,nasa,hipif,B0007,42,105.0,78.26405334472656,79.32112121582031,79.1603889465332
e3,nasa,hipif,B0007,42,106.0,77.98777770996094,78.51638793945312,78.98563003540039
e3,nasa,hipif,B0007,42,107.0,77.49488067626953,79.45487213134766,78.98563003540039
e3,nasa,hipif,B0007,42,108.0,77.19385528564453,78.76380920410156,78.95103454589844
e3,nasa,hipif,B0007,42,109.0,77.25093841552734,79.13825988769531,78.95103454589844
e3,nasa,hipif,B0007,42,110.0,77.22969818115234,78.551513671875,78.89789295196533
e3,nasa,hipif,B0007,42,111.0,76.7154312133789,78.92241668701172,78.89789295196533
e3,nasa,hipif,B0007,42,112.0,76.43801879882812,78.82058715820312,78.89789295196533
e3,nasa,hipif,B0007,42,113.0,76.44630432128906,78.90767669677734,78.89789295196533
e3,nasa,hipif,B0007,42,114.0,76.45458221435547,79.05941772460938,78.89789295196533
e3,nasa,hipif,B0007,42,115.0,76.19529724121094,79.03353881835938,78.89789295196533
e3,nasa,hipif,B0007,42,116.0,75.93338012695312,78.93211364746094,78.89789295196533
e3,nasa,hipif,B0007,42,117.0,75.68241119384766,78.95587921142578,78.89789295196533
e3,nasa,hipif,B0007,42,118.0,75.68025207519531,78.88201141357422,78.89531707763672
e3,nasa,hipif,B0007,42,119.0,75.69734954833984,78.76863098144531,78.89531707763672
e3,nasa,hipif,B0007,42,120.0,76.697998046875,79.03530883789062,78.89531707763672
e3,nasa,hipif,B0007,42,121.0,76.95686340332031,77.51573944091797,78.3682678485851
e3,nasa,hipif,B0007,42,122.0,76.18123626708984,78.51238250732422,78.20626767476399
e3,nasa,hipif,B0007,42,123.0,75.67906188964844,78.34709167480469,78.20626767476399
e3,nasa,hipif,B0007,42,124.0,75.38925170898438,78.30504608154297,78.20626767476399
e3,nasa,hipif,B0007,42,125.0,75.15980529785156,78.31269836425781,78.20626767476399
e3,nasa,hipif,B0007,42,126.0,74.89110565185547,78.0394515991211,78.20626767476399
e3,nasa,hipif,B0007,42,127.0,74.64242553710938,77.99574279785156,78.20626767476399
e3,nasa,hipif,B0007,42,128.0,74.62071990966797,77.90766143798828,78.20626767476399
e3,nasa,hipif,B0007,42,129.0,74.37413787841797,78.62763977050781,78.20626767476399
e3,nasa,hipif,B0007,42,130.0,74.12675476074219,78.40383911132812,78.20626767476399
e3,nasa,hipif,B0007,42,131.0,74.13937377929688,77.97200012207031,78.20626767476399
e3,nasa,hipif,B0007,42,132.0,73.84855651855469,78.53591918945312,78.20626767476399
e3,nasa,hipif,B0007,42,133.0,74.09507751464844,78.17521667480469,78.17521667480469
e3,nasa,hipif,B0007,42,134.0,74.90682983398438,77.51496887207031,78.12490351059857
e3,nasa,hipif,B0007,42,135.0,74.10387420654297,77.88704681396484,78.12490351059857
e3,nasa,hipif,B0007,42,136.0,73.85577392578125,78.40753173828125,78.12490351059857
e3,nasa,hipif,B0007,42,137.0,73.60386657714844,78.51132202148438,78.12490351059857
e3,nasa,hipif,B0007,42,138.0,73.6124038696289,77.75823974609375,78.12490351059857
e3,nasa,hipif,B0007,42,139.0,73.35053253173828,78.02546691894531,78.12490351059857
e3,nasa,hipif,B0007,42,140.0,73.08836364746094,77.97637176513672,78.12490351059857
e3,nasa,hipif,B0007,42,141.0,72.83476257324219,78.2077407836914,78.12490351059857
e3,nasa,hipif,B0007,42,142.0,72.5677490234375,78.0550537109375,78.12490351059857
e3,nasa,hipif,B0007,42,143.0,72.58079528808594,77.9546890258789,78.12490351059857
e3,nasa,hipif,B0007,42,144.0,72.34080505371094,77.66791534423828,78.12490351059857
e3,nasa,hipif,B0007,42,145.0,72.33785247802734,78.3603515625,78.12490351059857
e3,nasa,hipif,B0007,42,146.0,72.06898498535156,78.45816040039062,78.12490351059857
e3,nasa,hipif,B0007,42,147.0,71.8122787475586,78.03654479980469,78.12490351059857
e3,nasa,hipif,B0007,42,148.0,71.84077453613281,78.20185852050781,78.12490351059857
e3,nasa,hipif,B0007,42,149.0,71.81472778320312,78.2635726928711,78.12490351059857
e3,nasa,hipif,B0007,42,150.0,72.09288024902344,78.8365249633789,78.12490351059857
e3,nasa,hipif,B0007,42,151.0,73.36032104492188,76.88558197021484,77.59306902681534
e3,nasa,hipif,B0007,42,152.0,72.59320068359375,77.7635726928711,77.5127747479607
e3,nasa,hipif,B0007,42,153.0,72.35689544677734,77.17704772949219,77.5127747479607
e3,nasa,hipif,B0007,42,154.0,72.08953094482422,77.23294067382812,77.5127747479607
e3,nasa,hipif,B0007,42,155.0,71.58155059814453,77.35023498535156,77.5127747479607
e3,nasa,hipif,B0007,42,156.0,71.59042358398438,78.06389617919922,77.5127747479607
e3,nasa,hipif,B0007,42,157.0,71.31281280517578,77.44808197021484,77.5127747479607
e3,nasa,hipif,B0007,42,158.0,71.30438995361328,77.25547790527344,77.5127747479607
e3,nasa,hipif,B0007,42,159.0,71.06316375732422,77.90705871582031,77.5127747479607
e3,nasa,hipif,B0007,42,160.0,70.81636047363281,77.24906158447266,77.5127747479607
e3,nasa,hipif,B0007,42,161.0,70.82891082763672,77.9721450805664,77.5127747479607
e3,nasa,hipif,B0007,42,162.0,70.54200744628906,77.28549194335938,77.5127747479607
e3,nasa,hipif,B0007,42,163.0,70.54975128173828,77.89254760742188,77.5127747479607
e3,nasa,hipif,B0007,42,164.0,70.3085708618164,77.32696533203125,77.5127747479607
e3,nasa,hipif,B0007,42,165.0,70.3167953491211,77.82891845703125,77.5127747479607
e3,nasa,hipif,B0007,42,166.0,70.02275848388672,77.20750427246094,77.5127747479607
e3,nasa,hipif,B0007,42,167.0,71.08932495117188,77.87064361572266,77.5127747479607
e3,nasa,hipif,B0007,42,168.0,71.62276458740234,76.12493896484375,76.97767344323138
e1,nasa,direct,B0018,42,1.0,92.75022888183594,100.33999633789062,
e1,nasa,direct,B0018,42,2.0,92.15977478027344,100.66719055175781,
e1,nasa,direct,B0018,42,3.0,91.98009490966797,100.67230224609375,
e1,nasa,direct,B0018,42,4.0,91.53368377685547,100.3551254272461,
e1,nasa,direct,B0018,42,5.0,91.635009765625,100.34934997558594,
e1,nasa,direct,B0018,42,6.0,91.42644500732422,99.87890625,
e1,nasa,direct,B0018,42,7.0,91.06005859375,98.43402862548828,
e1,nasa,direct,B0018,42,8.0,90.75849914550781,98.1089859008789,
e1,nasa,direct,B0018,42,9.0,90.21490478515625,97.70903015136719,
e1,nasa,direct,B0018,42,10.0,91.15501403808594,97.53341674804688,
e1,nasa,direct,B0018,42,11.0,90.60626983642578,97.033935546875,
e1,nasa,direct,B0018,42,12.0,90.23458099365234,96.33524322509766,
e1,nasa,direct,B0018,42,13.0,89.54222106933594,95.51826477050781,
e1,nasa,direct,B0018,42,14.0,89.17353820800781,95.15695190429688,
e1,nasa,direct,B0018,42,15.0,89.04692840576172,95.05262756347656,
e1,nasa,direct,B0018,42,16.0,88.56045532226562,94.64688110351562,
e1,nasa,direct,B0018,42,17.0,88.4315185546875,93.9510498046875,
e1,nasa,direct,B0018,42,18.0,87.68152618408203,93.10745239257812,
e1,nasa,direct,B0018,42,19.0,87.31098937988281,93.07274627685547,
e1,nasa,direct,B0018,42,20.0,86.88323974609375,92.80534362792969,
e1,nasa,direct,B0018,42,21.0,86.57583618164062,92.01321411132812,
e1,nasa,direct,B0018,42,22.0,85.42974853515625,92.07225036621094,
e1,nasa,direct,B0018,42,23.0,85.57350158691406,91.3309555053711,
e1,nasa,direct,B0018,42,24.0,85.37510681152344,90.8071517944336,
e1,nasa,direct,B0018,42,25.0,87.4619140625,90.48825073242188,
e1,nasa,direct,B0018,42,26.0,86.63848876953125,90.33472442626953,
e1,nasa,direct,B0018,42,27.0,86.11156463623047,89.39557647705078,
e1,nasa,direct,B0018,42,28.0,85.59231567382812,89.11363983154297,
e1,nasa,direct,B0018,42,29.0,84.96339416503906,89.31085205078125,
e1,nasa,direct,B0018,42,30.0,84.70183563232422,88.33372497558594,
e1,nasa,direct,B0018,42,31.0,84.09513854980469,87.92733764648438,
e1,nasa,direct,B0018,42,32.0,83.8488540649414,87.80393981933594,
e1,nasa,direct,B0018,42,33.0,83.2761459350586,87.4403305053711,
e1,nasa,direct,B0018,42,34.0,82.859619140625,87.20399475097656,
e1,nasa,direct,B0018,42,35.0,82.41120910644531,86.60987091064453,
e1,nasa,direct,B0018,42,36.0,81.93850708007812,86.46562957763672,
e1,nasa,direct,B0018,42,37.0,81.38243103027344,85.78070068359375,
e1,nasa,direct,B0018,42,38.0,81.1076889038086,85.73247528076172,
e1,nasa,direct,B0018,42,39.0,80.70033264160156,85.71037292480469,
e1,nasa,direct,B0018,42,40.0,83.80258178710938,85.11149597167969,
e1,nasa,direct,B0018,42,41.0,82.46503448486328,84.33218383789062,
e1,nasa,direct,B0018,42,42.0,81.61914825439453,84.51055908203125,
e1,nasa,direct,B0018,42,43.0,80.82080078125,84.42755126953125,
e1,nasa,direct,B0018,42,44.0,80.5451431274414,83.7637939453125,
e1,nasa,direct,B0018,42,45.0,79.773193359375,83.75352478027344,
e1,nasa,direct,B0018,42,46.0,86.33537292480469,83.46089172363281,
e1,nasa,direct,B0018,42,47.0,85.828369140625,83.00027465820312,
e1,nasa,direct,B0018,42,48.0,84.79117584228516,82.60660552978516,
e1,nasa,direct,B0018,42,49.0,83.888916015625,82.67346954345703,
e1,nasa,direct,B0018,42,50.0,83.0329360961914,82.55860900878906,
e1,nasa,direct,B0018,42,51.0,83.32054901123047,81.87017822265625,
e1,nasa,direct,B0018,42,52.0,82.34168243408203,82.5470962524414,
e1,nasa,direct,B0018,42,53.0,81.28820037841797,81.60054016113281,
e1,nasa,direct,B0018,42,54.0,80.6078872680664,82.40435028076172,
e1,nasa,direct,B0018,42,55.0,80.28683471679688,81.88709259033203,
e1,nasa,direct,B0018,42,56.0,83.68226623535156,80.91654205322266,
e1,nasa,direct,B0018,42,57.0,82.02174377441406,80.82783508300781,
e1,nasa,direct,B0018,42,58.0,80.66326904296875,81.47280883789062,
e1,nasa,direct,B0018,42,59.0,79.60482025146484,81.55636596679688,
e1,nasa,direct,B0018,42,60.0,79.33006286621094,80.8465347290039,
e1,nasa,direct,B0018,42,61.0,79.00382995605469,80.58973693847656,
e1,nasa,direct,B0018,42,62.0,78.20866394042969,81.17303466796875,
e1,nasa,direct,B0018,42,63.0,77.78091430664062,80.45724487304688,
e1,nasa,direct,B0018,42,64.0,77.01022338867188,80.7959976196289,
e1,nasa,direct,B0018,42,65.0,76.60806274414062,80.82941436767578,
e1,nasa,direct,B0018,42,66.0,76.58116149902344,80.77318572998047,
e1,nasa,direct,B0018,42,67.0,76.11297607421875,80.04692840576172,
e1,nasa,direct,B0018,42,68.0,75.32633209228516,80.99082946777344,
e1,nasa,direct,B0018,42,69.0,75.07109832763672,80.89130401611328,
e1,nasa,direct,B0018,42,70.0,74.81767272949219,81.189697265625,
e1,nasa,direct,B0018,42,71.0,76.67131042480469,80.2541732788086,
e1,nasa,direct,B0018,42,72.0,76.1922607421875,79.6924057006836,
e1,nasa,direct,B0018,42,73.0,75.05960845947266,80.81227111816406,
e1,nasa,direct,B0018,42,74.0,74.62088012695312,80.06363677978516,
e1,nasa,direct,B0018,42,75.0,74.16619110107422,79.88914489746094,
e1,nasa,direct,B0018,42,76.0,74.03688049316406,79.82735443115234,
e1,nasa,direct,B0018,42,77.0,73.6753921508789,79.42159271240234,
e1,nasa,direct,B0018,42,78.0,73.40096282958984,80.21307373046875,
e1,nasa,direct,B0018,42,79.0,72.90461730957031,80.37776947021484,
e1,nasa,direct,B0018,42,80.0,72.39330291748047,80.49177551269531,
e1,nasa,direct,B0018,42,81.0,72.63904571533203,79.5453872680664,
e1,nasa,direct,B0018,42,82.0,72.12678527832031,79.30403137207031,
e1,nasa,direct,B0018,42,83.0,71.96356201171875,79.13311004638672,
e1,nasa,direct,B0018,42,84.0,71.43238067626953,79.46549224853516,
e1,nasa,direct,B0018,42,85.0,71.24513244628906,79.08208465576172,
e1,nasa,direct,B0018,42,86.0,73.4905776977539,79.63720703125,
e1,nasa,direct,B0018,42,87.0,72.62909698486328,79.7711181640625,
e1,nasa,direct,B0018,42,88.0,72.14170837402344,79.150390625,
e1,nasa,direct,B0018,42,89.0,71.4188003540039,80.32390594482422,
e1,nasa,direct,B0018,42,90.0,70.77273559570312,78.99101257324219,
e1,nasa,direct,B0018,42,91.0,72.72883605957031,78.72927856445312,
e1,nasa,direct,B0018,42,92.0,71.41590118408203,79.52322387695312,
e1,nasa,direct,B0018,42,93.0,70.98513793945312,79.53939056396484,
e1,nasa,direct,B0018,42,94.0,70.77803039550781,79.59395599365234,
e1,nasa,direct,B0018,42,95.0,70.28400421142578,80.13191223144531,
e1,nasa,direct,B0018,42,96.0,70.42230224609375,79.7938003540039,
e1,nasa,direct,B0018,42,97.0,69.84273529052734,79.69268035888672,
e1,nasa,direct,B0018,42,98.0,69.67835235595703,78.75578308105469,
e1,nasa,direct,B0018,42,99.0,69.46822357177734,78.67857360839844,
e1,nasa,direct,B0018,42,100.0,68.92826080322266,79.26524353027344,
e1,nasa,direct,B0018,42,101.0,69.24505615234375,78.56266021728516,
e1,nasa,direct,B0018,42,102.0,68.5162582397461,79.8758773803711,
e1,nasa,direct,B0018,42,103.0,68.66732025146484,78.83965301513672,
e1,nasa,direct,B0018,42,104.0,68.3974380493164,78.63029479980469,
e1,nasa,direct,B0018,42,105.0,67.83570861816406,79.5567398071289,
e1,nasa,direct,B0018,42,106.0,73.02155303955078,77.73336791992188,
e1,nasa,direct,B0018,42,107.0,72.50499725341797,77.96818542480469,
e1,nasa,direct,B0018,42,108.0,71.90703582763672,77.82261657714844,
e1,nasa,direct,B0018,42,109.0,71.41841125488281,77.87349700927734,
e1,nasa,direct,B0018,42,110.0,70.73937225341797,77.80610656738281,
e1,nasa,direct,B0018,42,111.0,70.6944580078125,78.10749053955078,
e1,nasa,direct,B0018,42,112.0,69.9466552734375,77.80476379394531,
e1,nasa,direct,B0018,42,113.0,69.76660919189453,78.5943603515625,
e1,nasa,direct,B0018,42,114.0,69.50230407714844,78.36167907714844,
e1,nasa,direct,B0018,42,115.0,69.30136108398438,77.86299133300781,
e1,nasa,direct,B0018,42,116.0,69.4107666015625,78.68667602539062,
e1,nasa,direct,B0018,42,117.0,68.80913543701172,77.9193344116211,
e1,nasa,direct,B0018,42,118.0,68.23584747314453,78.86096954345703,
e1,nasa,direct,B0018,42,119.0,67.94927215576172,78.78907775878906,
e1,nasa,direct,B0018,42,120.0,67.3115463256836,78.8251953125,
e1,nasa,direct,B0018,42,121.0,71.3421401977539,77.25282287597656,
e1,nasa,direct,B0018,42,122.0,70.3224105834961,77.6403579711914,
e1,nasa,direct,B0018,42,123.0,69.6745376586914,78.30705261230469,
e1,nasa,direct,B0018,42,124.0,69.41246795654297,77.46482849121094,
e1,nasa,direct,B0018,42,125.0,68.50939178466797,78.12745666503906,
e1,nasa,direct,B0018,42,126.0,68.98475646972656,77.56292724609375,
e1,nasa,direct,B0018,42,127.0,68.43292999267578,78.72205352783203,
e1,nasa,direct,B0018,42,128.0,68.13685607910156,78.30459594726562,
e1,nasa,direct,B0018,42,129.0,68.17025756835938,77.14488983154297,
e1,nasa,direct,B0018,42,130.0,67.59323120117188,78.1369857788086,
e1,nasa,direct,B0018,42,131.0,67.7398452758789,78.960693359375,
e1,nasa,direct,B0018,42,132.0,67.05257415771484,78.3094482421875,
e3,nasa,hipif,B0018,42,1.0,92.75022888183594,99.90519714355469,99.90519714355469
e3,nasa,hipif,B0018,42,2.0,92.15977478027344,99.70463562011719,99.70463562011719
e3,nasa,hipif,B0018,42,3.0,91.98009490966797,99.49862670898438,99.49862670898438
e3,nasa,hipif,B0018,42,4.0,91.53368377685547,99.0750732421875,99.15857696533203
e3,nasa,hipif,B0018,42,5.0,91.635009765625,99.14720153808594,99.15857696533203
e3,nasa,hipif,B0018,42,6.0,91.42644500732422,99.25345611572266,99.15857696533203
e3,nasa,hipif,B0018,42,7.0,91.06005859375,97.95698547363281,98.6401449493
e3,nasa,hipif,B0018,42,8.0,90.75849914550781,98.09851837158203,98.12262268277208
e3,nasa,hipif,B0018,42,9.0,90.21490478515625,97.86529541015625,97.86529541015625
e3,nasa,hipif,B0018,42,10.0,91.15501403808594,97.73805236816406,97.73805236816406
e3,nasa,hipif,B0018,42,11.0,90.60626983642578,97.21395874023438,97.22228601532859
e3,nasa,hipif,B0018,42,12.0,90.23458099365234,96.55320739746094,96.70663706774071
e3,nasa,hipif,B0018,42,13.0,89.54222106933594,95.80070495605469,96.19042221459388
e3,nasa,hipif,B0018,42,14.0,89.17353820800781,95.47960662841797,95.67512250762574
e3,nasa,hipif,B0018,42,15.0,89.04692840576172,95.37212371826172,95.37212371826172
e3,nasa,hipif,B0018,42,16.0,88.56045532226562,95.01139068603516,95.01139068603516
e3,nasa,hipif,B0018,42,17.0,88.4315185546875,94.41828918457031,94.49748077441409
e3,nasa,hipif,B0018,42,18.0,87.68152618408203,93.552978515625,93.98276905607462
e3,nasa,hipif,B0018,42,19.0,87.31098937988281,93.52735900878906,93.52735900878906
e3,nasa,hipif,B0018,42,20.0,86.88323974609375,93.28627014160156,93.28627014160156
e3,nasa,hipif,B0018,42,21.0,86.57583618164062,92.5340576171875,92.7719164381277
e3,nasa,hipif,B0018,42,22.0,85.42974853515625,92.47726440429688,92.47726440429688
e3,nasa,hipif,B0018,42,23.0,85.57350158691406,91.84994506835938,91.96436935899446
e3,nasa,hipif,B0018,42,24.0,85.37510681152344,91.37980651855469,91.45109686292658
e3,nasa,hipif,B0018,42,25.0,87.4619140625,91.24137878417969,91.24137878417969
e3,nasa,hipif,B0018,42,26.0,86.63848876953125,91.11857604980469,91.11857604980469
e3,nasa,hipif,B0018,42,27.0,86.11156463623047,90.1829833984375,90.60597860035391
e3,nasa,hipif,B0018,42,28.0,85.59231567382812,89.8875961303711,90.09372905648038
e3,nasa,hipif,B0018,42,29.0,84.96339416503906,90.02841186523438,89.95800399780273
e3,nasa,hipif,B0018,42,30.0,84.70183563232422,89.0770492553711,89.44526589374739
e3,nasa,hipif,B0018,42,31.0,84.09513854980469,88.66944885253906,88.93261802502082
e3,nasa,hipif,B0018,42,32.0,83.8488540649414,88.55775451660156,88.55775451660156
e3,nasa,hipif,B0018,42,33.0,83.2761459350586,88.2099609375,88.2099609375
e3,nasa,hipif,B0018,42,34.0,82.859619140625,87.94988250732422,87.94988250732422
e3,nasa,hipif,B0018,42,35.0,82.41120910644531,87.83719635009766,87.8378791809082
e3,nasa,hipif,B0018,42,36.0,81.93850708007812,87.83856201171875,87.8378791809082
e3,nasa,hipif,B0018,42,37.0,81.38243103027344,86.87126159667969,87.32623257203782
e3,nasa,hipif,B0018,42,38.0,81.1076889038086,87.239990234375,87.08757019042969
e3,nasa,hipif,B0018,42,39.0,80.70033264160156,87.15145874023438,87.08757019042969
e3,nasa,hipif,B0018,42,40.0,83.80258178710938,86.98431396484375,86.98431396484375
e3,nasa,hipif,B0018,42,41.0,82.46503448486328,86.22257232666016,86.47376288689158
e3,nasa,hipif,B0018,42,42.0,81.61914825439453,86.23640441894531,86.22948837280273
e3,nasa,hipif,B0018,42,43.0,80.82080078125,86.07318115234375,86.07318115234375
e3,nasa,hipif,B0018,42,44.0,80.5451431274414,85.46888732910156,85.56174883109105
e3,nasa,hipif,B0018,42,45.0,79.773193359375,85.3714599609375,85.45812606811523
e3,nasa,hipif,B0018,42,46.0,86.33537292480469,85.54479217529297,85.45812606811523
e3,nasa,hipif,B0018,42,47.0,85.828369140625,85.00492095947266,85.00492095947266
e3,nasa,hipif,B0018,42,48.0,84.79117584228516,84.5557861328125,84.5557861328125
e3,nasa,hipif,B0018,42,49.0,83.888916015625,84.36601257324219,84.36601257324219
e3,nasa,hipif,B0018,42,50.0,83.0329360961914,84.05542755126953,84.05542755126953
e3,nasa,hipif,B0018,42,51.0,83.32054901123047,83.453857421875,83.64139556884766
e3,nasa,hipif,B0018,42,52.0,82.34168243408203,83.82893371582031,83.64139556884766
e3,nasa,hipif,B0018,42,53.0,81.28820037841797,82.81262969970703,83.13236012393364
e3,nasa,hipif,B0018,42,54.0,80.6078872680664,83.32533264160156,83.0689811706543
e3,nasa,hipif,B0018,42,55.0,80.28683471679688,82.73017883300781,82.73017883300781
e3,nasa,hipif,B0018,42,56.0,83.68226623535156,82.05586242675781,82.21840120326088
e3,nasa,hipif,B0018,42,57.0,82.02174377441406,81.85398864746094,82.11022567749023
e3,nasa,hipif,B0018,42,58.0,80.66326904296875,82.2852783203125,82.11022567749023
e3,nasa,hipif,B0018,42,59.0,79.60482025146484,82.24577331542969,82.11022567749023
e3,nasa,hipif,B0018,42,60.0,79.33006286621094,81.48161315917969,81.60094137798801
e3,nasa,hipif,B0018,42,61.0,79.00382995605469,81.21664428710938,81.48954518636067
e3,nasa,hipif,B0018,42,62.0,78.20866394042969,81.77037811279297,81.48954518636067
e3,nasa,hipif,B0018,42,63.0,77.78091430664062,81.00048828125,81.23891067504883
e3,nasa,hipif,B0018,42,64.0,77.01022338867188,81.32028198242188,81.23891067504883
e3,nasa,hipif,B0018,42,65.0,76.60806274414062,81.30775451660156,81.23891067504883
e3,nasa,hipif,B0018,42,66.0,76.58116149902344,81.32711791992188,81.23891067504883
e3,nasa,hipif,B0018,42,67.0,76.11297607421875,80.4992446899414,81.21423530578613
e3,nasa,hipif,B0018,42,68.0,75.32633209228516,81.40401458740234,81.21423530578613
e3,nasa,hipif,B0018,42,69.0,75.07109832763672,81.35977172851562,81.21423530578613
e3,nasa,hipif,B0018,42,70.0,74.81767272949219,81.59391021728516,81.21423530578613
e3,nasa,hipif,B0018,42,71.0,76.67131042480469,80.93588256835938,80.93588256835938
e3,nasa,hipif,B0018,42,72.0,76.1922607421875,80.32722473144531,80.81420135498047
e3,nasa,hipif,B0018,42,73.0,75.05960845947266,81.30117797851562,80.81420135498047
e3,nasa,hipif,B0018,42,74.0,74.62088012695312,80.6549072265625,80.6549072265625
e3,nasa,hipif,B0018,42,75.0,74.16619110107422,80.45365905761719,80.61192448933919
e3,nasa,hipif,B0018,42,76.0,74.03688049316406,80.48006439208984,80.61192448933919
e3,nasa,hipif,B0018,42,77.0,73.6753921508789,79.95765686035156,80.61192448933919
e3,nasa,hipif,B0018,42,78.0,73.40096282958984,80.90339660644531,80.61192448933919
e3,nasa,hipif,B0018,42,79.0,72.90461730957031,80.96005249023438,80.61192448933919
e3,nasa,hipif,B0018,42,80.0,72.39330291748047,80.91671752929688,80.61192448933919
e3,nasa,hipif,B0018,42,81.0,72.63904571533203,80.29711151123047,80.29711151123047
e3,nasa,hipif,B0018,42,82.0,72.12678527832031,79.88359069824219,80.09403705596924
e3,nasa,hipif,B0018,42,83.0,71.96356201171875,79.72855377197266,80.09403705596924
e3,nasa,hipif,B0018,42,84.0,71.43238067626953,80.090576171875,80.09403705596924
e3,nasa,hipif,B0018,42,85.0,71.24513244628906,79.54928588867188,80.09403705596924
e3,nasa,hipif,B0018,42,86.0,73.4905776977539,80.4014892578125,80.09403705596924
e3,nasa,hipif,B0018,42,87.0,72.62909698486328,80.493408203125,80.09403705596924
e3,nasa,hipif,B0018,42,88.0,72.14170837402344,79.75151062011719,80.09403705596924
e3,nasa,hipif,B0018,42,89.0,71.4188003540039,80.8538818359375,80.09403705596924
e3,nasa,hipif,B0018,42,90.0,70.77273559570312,79.38504028320312,80.0134801864624
e3,nasa,hipif,B0018,42,91.0,72.72883605957031,79.4025650024414,80.0134801864624
e3,nasa,hipif,B0018,42,92.0,71.41590118408203,80.11981201171875,80.0134801864624
e3,nasa,hipif,B0018,42,93.0,70.98513793945312,80.11204528808594,80.0134801864624
e3,nasa,hipif,B0018,42,94.0,70.77803039550781,80.13932037353516,80.0134801864624
e3,nasa,hipif,B0018,42,95.0,70.28400421142578,80.55113983154297,80.0134801864624
e3,nasa,hipif,B0018,42,96.0,70.42230224609375,80.26887512207031,80.0134801864624
e3,nasa,hipif,B0018,42,97.0,69.84273529052734,80.12904357910156,80.0134801864624
e3,nasa,hipif,B0018,42,98.0,69.67835235595703,79.19903564453125,79.50110261475706
e3,nasa,hipif,B0018,42,99.0,69.46822357177734,79.12466430664062,79.4264129638672
e3,nasa,hipif,B0018,42,100.0,68.92826080322266,79.66572570800781,79.4264129638672
e3,nasa,hipif,B0018,42,101.0,69.24505615234375,78.99221801757812,79.4264129638672
e3,nasa,hipif,B0018,42,102.0,68.5162582397461,80.15042114257812,79.4264129638672
e3,nasa,hipif,B0018,42,103.0,68.66732025146484,79.28044128417969,79.39723714192708
e3,nasa,hipif,B0018,42,104.0,68.3974380493164,79.05308532714844,79.39723714192708
e3,nasa,hipif,B0018,42,105.0,67.83570861816406,79.85818481445312,79.39723714192708
e3,nasa,hipif,B0018,42,106.0,73.02155303955078,78.33910369873047,78.88630338240125
e3,nasa,hipif,B0018,42,107.0,72.50499725341797,78.59449768066406,78.74984995524089
e3,nasa,hipif,B0018,42,108.0,71.90703582763672,78.40081787109375,78.74984995524089
e3,nasa,hipif,B0018,42,109.0,71.41841125488281,78.43880462646484,78.74984995524089
e3,nasa,hipif,B0018,42,110.0,70.73937225341797,78.32866668701172,78.74984995524089
e3,nasa,hipif,B0018,42,111.0,70.6944580078125,78.66248321533203,78.74984995524089
e3,nasa,hipif,B0018,42,112.0,69.9466552734375,78.2813720703125,78.74984995524089
e3,nasa,hipif,B0018,42,113.0,69.76660919189453,79.1706314086914,78.74984995524089
e3,nasa,hipif,B0018,42,114.0,69.50230407714844,78.94771575927734,78.74984995524089
e3,nasa,hipif,B0018,42,115.0,69.30136108398438,78.37042999267578,78.74984995524089
e3,nasa,hipif,B0018,42,116.0,69.4107666015625,79.32874298095703,78.74984995524089
e3,nasa,hipif,B0018,42,117.0,68.80913543701172,78.42289733886719,78.74984995524089
e3,nasa,hipif,B0018,42,118.0,68.23584747314453,79.38479614257812,78.74984995524089
e3,nasa,hipif,B0018,42,119.0,67.94927215576172,79.3073959350586,78.74984995524089
e3,nasa,hipif,B0018,42,120.0,67.3115463256836,79.26939392089844,78.74984995524089
e3,nasa,hipif,B0018,42,121.0,71.3421401977539,77.93121337890625,78.53167788187662
e3,nasa,hipif,B0018,42,122.0,70.3224105834961,78.21595764160156,78.53167788187662
e3,nasa,hipif,B0018,42,123.0,69.6745376586914,78.9364013671875,78.53167788187662
e3,nasa,hipif,B0018,42,124.0,69.41246795654297,77.993408203125,78.53167788187662
e3,nasa,hipif,B0018,42,125.0,68.50939178466797,78.6412353515625,78.53167788187662
e3,nasa,hipif,B0018,42,126.0,68.98475646972656,78.05326080322266,78.53167788187662
e3,nasa,hipif,B0018,42,127.0,68.43292999267578,79.30474853515625,78.53167788187662
e3,nasa,hipif,B0018,42,128.0,68.13685607910156,78.86068725585938,78.53167788187662
e3,nasa,hipif,B0018,42,129.0,68.17025756835938,77.60659790039062,78.53167788187662
e3,nasa,hipif,B0018,42,130.0,67.59323120117188,78.57926940917969,78.53167788187662
e3,nasa,hipif,B0018,42,131.0,67.7398452758789,79.47842407226562,78.53167788187662
e3,nasa,hipif,B0018,42,132.0,67.05257415771484,78.7789306640625,78.53167788187662
e1,nasa,direct,B0005,123,1.0,92.82437133789062,95.63188934326172,
e1,nasa,direct,B0005,123,2.0,92.31636047363281,93.89422607421875,
e1,nasa,direct,B0005,123,3.0,91.7674560546875,92.54584503173828,
e1,nasa,direct,B0005,123,4.0,91.76313018798828,91.82173156738281,
e1,nasa,direct,B0005,123,5.0,91.7322769165039,91.5713882446289,
e1,nasa,direct,B0005,123,6.0,91.7830810546875,91.42639923095703,
e1,nasa,direct,B0005,123,7.0,91.75730895996094,91.3230972290039,
e1,nasa,direct,B0005,123,8.0,91.287841796875,89.29084014892578,
e1,nasa,direct,B0005,123,9.0,91.23869323730469,89.49962615966797,
e1,nasa,direct,B0005,123,10.0,91.23066711425781,89.49525451660156,
e1,nasa,direct,B0005,123,11.0,91.2309799194336,89.7705078125,
e1,nasa,direct,B0005,123,12.0,90.71009826660156,88.03804016113281,
e1,nasa,direct,B0005,123,13.0,90.68760681152344,88.34907531738281,
e1,nasa,direct,B0005,123,14.0,90.67202758789062,88.4208984375,
e1,nasa,direct,B0005,123,15.0,90.12989807128906,86.49227905273438,
e1,nasa,direct,B0005,123,16.0,90.1053466796875,86.14485931396484,
e1,nasa,direct,B0005,123,17.0,90.12897491455078,85.88497924804688,
e1,nasa,direct,B0005,123,18.0,90.1534194946289,85.76673889160156,
e1,nasa,direct,B0005,123,19.0,90.13887786865234,85.43242645263672,
e1,nasa,direct,B0005,123,20.0,92.35130310058594,84.27273559570312,
e1,nasa,direct,B0005,123,21.0,92.37086486816406,84.43025970458984,
e1,nasa,direct,B0005,123,22.0,91.80886840820312,82.88621520996094,
e1,nasa,direct,B0005,123,23.0,91.2890396118164,81.15882873535156,
e1,nasa,direct,B0005,123,24.0,91.25568389892578,81.6505126953125,
e1,nasa,direct,B0005,123,25.0,91.2790756225586,81.63203430175781,
e1,nasa,direct,B0005,123,26.0,90.70155334472656,78.23783111572266,
e1,nasa,direct,B0005,123,27.0,90.73845672607422,79.757080078125,
e1,nasa,direct,B0005,123,28.0,90.69847106933594,80.64762878417969,
e1,nasa,direct,B0005,123,29.0,90.1382827758789,76.51185607910156,
e1,nasa,direct,B0005,123,30.0,90.20384979248047,77.92443084716797,
e1,nasa,direct,B0005,123,31.0,92.59012603759766,74.40979766845703,
e1,nasa,direct,B0005,123,32.0,91.53519439697266,73.552734375,
e1,nasa,direct,B0005,123,33.0,90.99520874023438,72.62332153320312,
e1,nasa,direct,B0005,123,34.0,90.46540069580078,72.01347351074219,
e1,nasa,direct,B0005,123,35.0,90.2304916381836,72.1152572631836,
e1,nasa,direct,B0005,123,36.0,89.96885681152344,71.04620361328125,
e1,nasa,direct,B0005,123,37.0,89.42216491699219,70.06303405761719,
e1,nasa,direct,B0005,123,38.0,89.14614868164062,69.92268371582031,
e1,nasa,direct,B0005,123,39.0,88.65168762207031,68.93348693847656,
e1,nasa,direct,B0005,123,40.0,88.65188598632812,69.87836456298828,
e1,nasa,direct,B0005,123,41.0,88.39360809326172,68.45464324951172,
e1,nasa,direct,B0005,123,42.0,88.11575317382812,67.8976058959961,
e1,nasa,direct,B0005,123,43.0,88.38086700439453,67.57344055175781,
e1,nasa,direct,B0005,123,44.0,88.13341522216797,67.34777069091797,
e1,nasa,direct,B0005,123,45.0,87.5865249633789,66.75318145751953,
e1,nasa,direct,B0005,123,46.0,87.09248352050781,65.68018341064453,
e1,nasa,direct,B0005,123,47.0,86.8045654296875,65.77137756347656,
e1,nasa,direct,B0005,123,48.0,89.68119812011719,66.50292205810547,
e1,nasa,direct,B0005,123,49.0,89.15945434570312,64.3654556274414,
e1,nasa,direct,B0005,123,50.0,88.36820983886719,64.04478454589844,
e1,nasa,direct,B0005,123,51.0,87.85089111328125,64.53741455078125,
e1,nasa,direct,B0005,123,52.0,87.3435287475586,63.76611328125,
e1,nasa,direct,B0005,123,53.0,87.08586120605469,64.4652328491211,
e1,nasa,direct,B0005,123,54.0,86.82112884521484,64.28755187988281,
e1,nasa,direct,B0005,123,55.0,86.31608581542969,63.92143630981445,
e1,nasa,direct,B0005,123,56.0,85.79032897949219,63.09001541137695,
e1,nasa,direct,B0005,123,57.0,85.52666473388672,63.111480712890625,
e1,nasa,direct,B0005,123,58.0,85.30072784423828,63.13414001464844,
e1,nasa,direct,B0005,123,59.0,85.01554870605469,62.682899475097656,
e1,nasa,direct,B0005,123,60.0,84.72899627685547,63.15251922607422,
e1,nasa,direct,B0005,123,61.0,84.24514770507812,62.401615142822266,
e1,nasa,direct,B0005,123,62.0,83.72370910644531,61.85309982299805,
e1,nasa,direct,B0005,123,63.0,83.72846221923828,62.530433654785156,
e1,nasa,direct,B0005,123,64.0,83.18582153320312,61.73937225341797,
e1,nasa,direct,B0005,123,65.0,82.95069122314453,61.4190788269043,
e1,nasa,direct,B0005,123,66.0,82.69270324707031,62.17335510253906,
e1,nasa,direct,B0005,123,67.0,82.1326904296875,61.339927673339844,
e1,nasa,direct,B0005,123,68.0,81.89289093017578,61.68134307861328,
e1,nasa,direct,B0005,123,69.0,81.63674926757812,61.49953842163086,
e1,nasa,direct,B0005,123,70.0,81.38764190673828,61.64256286621094,
e1,nasa,direct,B0005,123,71.0,81.10627746582031,61.71943664550781,
e1,nasa,direct,B0005,123,72.0,80.5662841796875,60.83781814575195,
e1,nasa,direct,B0005,123,73.0,80.32815551757812,61.134037017822266,
e1,nasa,direct,B0005,123,74.0,80.07571411132812,61.36677932739258,
e1,nasa,direct,B0005,123,75.0,79.51846313476562,60.602840423583984,
e1,nasa,direct,B0005,123,76.0,79.2894515991211,60.89915466308594,
e1,nasa,direct,B0005,123,77.0,79.24715423583984,61.003929138183594,
e1,nasa,direct,B0005,123,78.0,79.77632141113281,60.50086975097656,
e1,nasa,direct,B0005,123,79.0,78.73651123046875,60.48994064331055,
e1,nasa,direct,B0005,123,80.0,78.24510192871094,60.48748779296875,
e1,nasa,direct,B0005,123,81.0,77.98829650878906,60.54407501220703,
e1,nasa,direct,B0005,123,82.0,77.97407531738281,60.781105041503906,
e1,nasa,direct,B0005,123,83.0,77.73446655273438,60.52362060546875,
e1,nasa,direct,B0005,123,84.0,77.4437026977539,60.80258560180664,
e1,nasa,direct,B0005,123,85.0,76.91182708740234,60.434757232666016,
e1,nasa,direct,B0005,123,86.0,76.39571380615234,60.35191345214844,
e1,nasa,direct,B0005,123,87.0,76.42626190185547,60.57111740112305,
e1,nasa,direct,B0005,123,88.0,76.13236999511719,60.211334228515625,
e1,nasa,direct,B0005,123,89.0,75.87429809570312,60.172569274902344,
e1,nasa,direct,B0005,123,90.0,80.29094696044922,60.090335845947266,
e1,nasa,direct,B0005,123,91.0,78.19245910644531,60.222618103027344,
e1,nasa,direct,B0005,123,92.0,77.40457916259766,60.23359298706055,
e1,nasa,direct,B0005,123,93.0,76.6187744140625,59.979618072509766,
e1,nasa,direct,B0005,123,94.0,76.34764099121094,60.23544692993164,
e1,nasa,direct,B0005,123,95.0,75.84786224365234,60.071311950683594,
e1,nasa,direct,B0005,123,96.0,75.59487915039062,60.122901916503906,
e1,nasa,direct,B0005,123,97.0,75.32819366455078,60.09870529174805,
e1,nasa,direct,B0005,123,98.0,75.0772705078125,60.16170120239258,
e1,nasa,direct,B0005,123,99.0,74.54222106933594,59.912086486816406,
e1,nasa,direct,B0005,123,100.0,74.29341888427734,59.903472900390625,
e1,nasa,direct,B0005,123,101.0,74.02068328857422,59.91831970214844,
e1,nasa,direct,B0005,123,102.0,73.76048278808594,59.90983200073242,
e1,nasa,direct,B0005,123,103.0,74.29518127441406,60.098026275634766,
e1,nasa,direct,B0005,123,104.0,74.8045883178711,59.915992736816406,
e1,nasa,direct,B0005,123,105.0,74.04003143310547,59.98366165161133,
e1,nasa,direct,B0005,123,106.0,73.48771667480469,59.87905502319336,
e1,nasa,direct,B0005,123,107.0,72.69506072998047,59.95090866088867,
e1,nasa,direct,B0005,123,108.0,72.70731353759766,59.82302474975586,
e1,nasa,direct,B0005,123,109.0,72.75119018554688,59.99245071411133,
e1,nasa,direct,B0005,123,110.0,72.45211029052734,59.9526252746582,
e1,nasa,direct,B0005,123,111.0,71.93354797363281,59.7504997253418,
e1,nasa,direct,B0005,123,112.0,71.67227172851562,59.76662826538086,
e1,nasa,direct,B0005,123,113.0,71.66979217529297,59.91963195800781,
e1,nasa,direct,B0005,123,114.0,71.40324401855469,59.75714111328125,
e1,nasa,direct,B0005,123,115.0,71.1460189819336,59.7520751953125,
e1,nasa,direct,B0005,123,116.0,70.87145233154297,59.808189392089844,
e1,nasa,direct,B0005,123,117.0,70.6204605102539,59.83604049682617,
e1,nasa,direct,B0005,123,118.0,70.62893676757812,59.93415832519531,
e1,nasa,direct,B0005,123,119.0,70.37992095947266,59.72435760498047,
e1,nasa,direct,B0005,123,120.0,71.66960144042969,59.785064697265625,
e1,nasa,direct,B0005,123,121.0,71.91275024414062,59.73767852783203,
e1,nasa,direct,B0005,123,122.0,70.86773681640625,59.643272399902344,
e1,nasa,direct,B0005,123,123.0,70.34908294677734,59.655879974365234,
e1,nasa,direct,B0005,123,124.0,70.06018829345703,59.71132278442383,
e1,nasa,direct,B0005,123,125.0,69.83504486083984,59.746761322021484,
e1,nasa,direct,B0005,123,126.0,69.56423950195312,59.74440002441406,
e1,nasa,direct,B0005,123,127.0,69.31143951416016,59.78025817871094,
e1,nasa,direct,B0005,123,128.0,69.02183532714844,59.76784896850586,
e1,nasa,direct,B0005,123,129.0,68.7618179321289,59.71881103515625,
e1,nasa,direct,B0005,123,130.0,68.52564239501953,59.80583190917969,
e1,nasa,direct,B0005,123,131.0,68.52542877197266,59.93155288696289,
e1,nasa,direct,B0005,123,132.0,68.23677825927734,59.82585906982422,
e1,nasa,direct,B0005,123,133.0,68.76959991455078,59.6950798034668,
e1,nasa,direct,B0005,123,134.0,69.30557250976562,59.54653549194336,
e1,nasa,direct,B0005,123,135.0,68.49250030517578,59.585899353027344,
e1,nasa,direct,B0005,123,136.0,68.23914337158203,59.89777755737305,
e1,nasa,direct,B0005,123,137.0,67.71610260009766,59.6148567199707,
e1,nasa,direct,B0005,123,138.0,67.73208618164062,59.6958122253418,
e1,nasa,direct,B0005,123,139.0,67.73519897460938,59.91127014160156,
e1,nasa,direct,B0005,123,140.0,67.46575164794922,59.911128997802734,
e1,nasa,direct,B0005,123,141.0,67.20945739746094,60.043758392333984,
e1,nasa,direct,B0005,123,142.0,66.94956970214844,59.9942512512207,
e1,nasa,direct,B0005,123,143.0,66.94572448730469,60.000423431396484,
e1,nasa,direct,B0005,123,144.0,66.70033264160156,59.756256103515625,
e1,nasa,direct,B0005,123,145.0,66.43222045898438,59.92476272583008,
e1,nasa,direct,B0005,123,146.0,66.1585464477539,59.82986068725586,
e1,nasa,direct,B0005,123,147.0,65.90845489501953,59.655025482177734,
e1,nasa,direct,B0005,123,148.0,65.92332458496094,59.62921142578125,
e1,nasa,direct,B0005,123,149.0,65.9146499633789,59.95484924316406,
e1,nasa,direct,B0005,123,150.0,66.19361877441406,59.82713317871094,
e1,nasa,direct,B0005,123,151.0,68.0060806274414,60.02728271484375,
e1,nasa,direct,B0005,123,152.0,66.97653198242188,59.69995880126953,
e1,nasa,direct,B0005,123,153.0,66.45143127441406,59.48921585083008,
e1,nasa,direct,B0005,123,154.0,66.18370819091797,59.50989532470703,
e1,nasa,direct,B0005,123,155.0,65.93169403076172,59.65573501586914,
e1,nasa,direct,B0005,123,156.0,65.67375946044922,59.494449615478516,
e1,nasa,direct,B0005,123,157.0,65.66010284423828,59.86537551879883,
e1,nasa,direct,B0005,123,158.0,65.38980102539062,59.70329666137695,
e1,nasa,direct,B0005,123,159.0,65.15164947509766,59.51710510253906,
e1,nasa,direct,B0005,123,160.0,65.1678695678711,59.854434967041016,
e1,nasa,direct,B0005,123,161.0,65.17050170898438,60.21044158935547,
e1,nasa,direct,B0005,123,162.0,64.89435577392578,59.7867317199707,
e1,nasa,direct,B0005,123,163.0,64.90367889404297,60.201847076416016,
e1,nasa,direct,B0005,123,164.0,64.67317962646484,59.85847473144531,
e1,nasa,direct,B0005,123,165.0,64.4001693725586,59.59964370727539,
e1,nasa,direct,B0005,123,166.0,64.37262725830078,59.732444763183594,
e1,nasa,direct,B0005,123,167.0,65.45076751708984,59.63734436035156,
e1,nasa,direct,B0005,123,168.0,66.25396728515625,59.98258972167969,
e3,nasa,hipif,B0005,123,1.0,92.82437133789062,95.85691833496094,95.85691833496094
e3,nasa,hipif,B0005,123,2.0,92.31636047363281,94.04042053222656,95.35579431940937
e3,nasa,hipif,B0005,123,3.0,91.7674560546875,92.72709655761719,94.8608345211616
e3,nasa,hipif,B0005,123,4.0,91.76313018798828,92.12217712402344,94.36483584139546
e3,nasa,hipif,B0005,123,5.0,91.7322769165039,91.94426727294922,93.86717856548776
e3,nasa,hipif,B0005,123,6.0,91.7830810546875,91.81365966796875,93.36853083957372
e3,nasa,hipif,B0005,123,7.0,91.75730895996094,91.79407501220703,92.86843621997828
e3,nasa,hipif,B0005,123,8.0,91.287841796875,89.82501220703125,92.3827633435464
e3,nasa,hipif,B0005,123,9.0,91.23869323730469,90.05831146240234,91.89410982916162
e3,nasa,hipif,B0005,123,10.0,91.23066711425781,90.03520202636719,91.4023719771752
e3,nasa,hipif,B0005,123,11.0,91.2309799194336,90.22386169433594,90.90491014936417
e3,nasa,hipif,B0005,123,12.0,90.71009826660156,88.59025573730469,90.4228076444021
e3,nasa,hipif,B0005,123,13.0,90.68760681152344,88.81551361083984,89.93602200983595
e3,nasa,hipif,B0005,123,14.0,90.67202758789062,88.64584350585938,89.44564676906349
e3,nasa,hipif,B0005,123,15.0,90.12989807128906,86.98148345947266,88.9692020293053
e3,nasa,hipif,B0005,123,16.0,90.1053466796875,86.66881561279297,88.48961472471247
e3,nasa,hipif,B0005,123,17.0,90.12897491455078,86.44758605957031,88.31150777709415
e3,nasa,hipif,B0005,123,18.0,90.1534194946289,86.3371353149414,88.31150777709415
e3,nasa,hipif,B0005,123,19.0,90.13887786865234,86.10098266601562,88.31150777709415
e3,nasa,hipif,B0005,123,20.0,92.35130310058594,85.04405212402344,88.31150777709415
e3,nasa,hipif,B0005,123,21.0,92.37086486816406,85.28164672851562,88.31150777709415
e3,nasa,hipif,B0005,123,22.0,91.80886840820312,84.05016326904297,88.31150777709415
e3,nasa,hipif,B0005,123,23.0,91.2890396118164,82.92164611816406,88.31150777709415
e3,nasa,hipif,B0005,123,24.0,91.25568389892578,83.13551330566406,88.31150777709415
e3,nasa,hipif,B0005,123,25.0,91.2790756225586,83.40017700195312,88.31150777709415
e3,nasa,hipif,B0005,123,26.0,90.70155334472656,80.81120300292969,88.31150777709415
e3,nasa,hipif,B0005,123,27.0,90.73845672607422,82.2552490234375,88.31150777709415
e3,nasa,hipif,B0005,123,28.0,90.69847106933594,82.89486694335938,88.31150777709415
e3,nasa,hipif,B0005,123,29.0,90.1382827758789,79.37158203125,88.31150777709415
e3,nasa,hipif,B0005,123,30.0,90.20384979248047,81.17561340332031,88.31150777709415
e3,nasa,hipif,B0005,123,31.0,92.59012603759766,77.01708984375,88.31150777709415
e3,nasa,hipif,B0005,123,32.0,91.53519439697266,76.14616394042969,87.30545596270747
e3,nasa,hipif,B0005,123,33.0,90.99520874023438,74.94135284423828,86.7920687827906
e3,nasa,hipif,B0005,123,34.0,90.46540069580078,74.1294174194336,86.28650859409903
e3,nasa,hipif,B0005,123,35.0,90.2304916381836,74.64275360107422,86.06416120028965
e3,nasa,hipif,B0005,123,36.0,89.96885681152344,73.16393280029297,85.81457252935684
e3,nasa,hipif,B0005,123,37.0,89.42216491699219,72.123291015625,85.53999630304081
e3,nasa,hipif,B0005,123,38.0,89.14614868164062,72.00205993652344,85.53999630304081
e3,nasa,hipif,B0005,123,39.0,88.65168762207031,71.041259765625,85.53999630304081
e3,nasa,hipif,B0005,123,40.0,88.65188598632812,72.32264709472656,85.53999630304081
e3,nasa,hipif,B0005,123,41.0,88.39360809326172,70.64572143554688,85.53999630304081
e3,nasa,hipif,B0005,123,42.0,88.11575317382812,70.12798309326172,85.53999630304081
e3,nasa,hipif,B0005,123,43.0,88.38086700439453,69.7928237915039,85.53999630304081
e3,nasa,hipif,B0005,123,44.0,88.13341522216797,69.57421112060547,85.53999630304081
e3,nasa,hipif,B0005,123,45.0,87.5865249633789,68.87176513671875,85.53999630304081
e3,nasa,hipif,B0005,123,46.0,87.09248352050781,67.69731903076172,85.53999630304081
e3,nasa,hipif,B0005,123,47.0,86.8045654296875,67.76126098632812,85.53999630304081
e3,nasa,hipif,B0005,123,48.0,89.68119812011719,68.68148803710938,85.53999630304081
e3,nasa,hipif,B0005,123,49.0,89.15945434570312,66.34478759765625,85.04247781090477
e3,nasa,hipif,B0005,123,50.0,88.36820983886719,65.94757080078125,84.2893617002108
e3,nasa,hipif,B0005,123,51.0,87.85089111328125,66.45761108398438,83.80019339028753
e3,nasa,hipif,B0005,123,52.0,87.3435287475586,65.57196807861328,83.31716352319175
e3,nasa,hipif,B0005,123,53.0,87.08586120605469,66.2160415649414,83.07074942127052
e3,nasa,hipif,B0005,123,54.0,86.82112884521484,65.97687530517578,82.81944763412507
e3,nasa,hipif,B0005,123,55.0,86.31608581542969,65.54574584960938,82.33911508803521
e3,nasa,hipif,B0005,123,56.0,85.79032897949219,64.75482940673828,81.83719923776073
e3,nasa,hipif,B0005,123,57.0,85.52666473388672,64.72813415527344,81.58683885568591
e3,nasa,hipif,B0005,123,58.0,85.30072784423828,64.69721221923828,81.37093148095813
e3,nasa,hipif,B0005,123,59.0,85.01554870605469,64.21885681152344,81.09963539788501
e3,nasa,hipif,B0005,123,60.0,84.72899627685547,64.62033081054688,80.82752802668801
e3,nasa,hipif,B0005,123,61.0,84.24514770507812,63.8758544921875,80.36463696962416
e3,nasa,hipif,B0005,123,62.0,83.72370910644531,63.370582580566406,79.8747265150229
e3,nasa,hipif,B0005,123,63.0,83.72846221923828,63.906776428222656,79.8747265150229
e3,nasa,hipif,B0005,123,64.0,83.18582153320312,63.26119613647461,79.3580238959002
e3,nasa,hipif,B0005,123,65.0,82.95069122314453,63.03488540649414,79.13386047378022
e3,nasa,hipif,B0005,123,66.0,82.69270324707031,63.62226486206055,78.88898987957445
e3,nasa,hipif,B0005,123,67.0,82.1326904296875,62.96934127807617,78.35537378939522
e3,nasa,hipif,B0005,123,68.0,81.89289093017578,63.255043029785156,78.12689571087932
e3,nasa,hipif,B0005,123,69.0,81.63674926757812,63.09914779663086,77.88210492266583
e3,nasa,hipif,B0005,123,70.0,81.38764190673828,63.271766662597656,77.64689667184582
e3,nasa,hipif,B0005,123,71.0,81.10627746582031,63.342952728271484,77.37646657412799
e3,nasa,hipif,B0005,123,72.0,80.5662841796875,62.618675231933594,76.86548353855137
e3,nasa,hipif,B0005,123,73.0,80.32815551757812,62.872562408447266,76.63714296532805
e3,nasa,hipif,B0005,123,74.0,80.07571411132812,63.07371520996094,76.60212269656634
e3,nasa,hipif,B0005,123,75.0,79.51846313476562,62.519134521484375,76.60212269656634
e3,nasa,hipif,B0005,123,76.0,79.2894515991211,62.72259521484375,76.60212269656634
e3,nasa,hipif,B0005,123,77.0,79.24715423583984,62.85399627685547,76.60212269656634
e3,nasa,hipif,B0005,123,78.0,79.77632141113281,62.56717300415039,76.60212269656634
e3,nasa,hipif,B0005,123,79.0,78.73651123046875,62.52191925048828,76.60212269656634
e3,nasa,hipif,B0005,123,80.0,78.24510192871094,62.53593444824219,76.60212269656634
e3,nasa,hipif,B0005,123,81.0,77.98829650878906,62.596378326416016,76.60212269656634
e3,nasa,hipif,B0005,123,82.0,77.97407531738281,62.71825408935547,76.60212269656634
e3,nasa,hipif,B0005,123,83.0,77.73446655273438,62.62194061279297,76.60212269656634
e3,nasa,hipif,B0005,123,84.0,77.4437026977539,62.73843002319336,76.60212269656634
e3,nasa,hipif,B0005,123,85.0,76.91182708740234,62.60493469238281,76.60212269656634
e3,nasa,hipif,B0005,123,86.0,76.39571380615234,62.51438522338867,76.60212269656634
e3,nasa,hipif,B0005,123,87.0,76.42626190185547,62.6881103515625,76.60212269656634
e3,nasa,hipif,B0005,123,88.0,76.13236999511719,62.426273345947266,76.60212269656634
e3,nasa,hipif,B0005,123,89.0,75.87429809570312,62.408294677734375,76.60212269656634
e3,nasa,hipif,B0005,123,90.0,80.29094696044922,62.31867218017578,76.60212269656634
e3,nasa,hipif,B0005,123,91.0,78.19245910644531,62.54612731933594,74.6037430085597
e3,nasa,hipif,B0005,123,92.0,77.40457916259766,62.54499816894531,73.85379446193822
e3,nasa,hipif,B0005,123,93.0,76.6187744140625,62.26200866699219,73.10726836053772
e3,nasa,hipif,B0005,123,94.0,76.34764099121094,62.56574249267578,72.84928549164731
e3,nasa,hipif,B0005,123,95.0,75.84786224365234,62.40534591674805,72.37295646030222
e3,nasa,hipif,B0005,123,96.0,75.59487915039062,62.47862243652344,72.13330316359256
e3,nasa,hipif,B0005,123,97.0,75.32819366455078,62.462615966796875,71.87836861633234
e3,nasa,hipif,B0005,123,98.0,75.0772705078125,62.54610061645508,71.64026749135259
e3,nasa,hipif,B0005,123,99.0,74.54222106933594,62.26741409301758,71.38131200891952
e3,nasa,hipif,B0005,123,100.0,74.29341888427734,62.27644348144531,71.38131200891952
e3,nasa,hipif,B0005,123,101.0,74.02068328857422,62.30341720581055,71.38131200891952
e3,nasa,hipif,B0005,123,102.0,73.76048278808594,62.304019927978516,71.38131200891952
e3,nasa,hipif,B0005,123,103.0,74.29518127441406,62.534400939941406,71.38131200891952
e3,nasa,hipif,B0005,123,104.0,74.8045883178711,62.33946990966797,71.38131200891952
e3,nasa,hipif,B0005,123,105.0,74.04003143310547,62.43674850463867,70.65217058144879
e3,nasa,hipif,B0005,123,106.0,73.48771667480469,62.32453536987305,70.1249707299666
e3,nasa,hipif,B0005,123,107.0,72.69506072998047,62.41142272949219,69.42412433284714
e3,nasa,hipif,B0005,123,108.0,72.70731353759766,62.269134521484375,69.42412433284714
e3,nasa,hipif,B0005,123,109.0,72.75119018554688,62.467308044433594,69.42412433284714
e3,nasa,hipif,B0005,123,110.0,72.45211029052734,62.42868423461914,69.1400237116976
e3,nasa,hipif,B0005,123,111.0,71.93354797363281,62.21562576293945,68.64460184723202
e3,nasa,hipif,B0005,123,112.0,71.67227172851562,62.2432975769043,68.6264130433294
e3,nasa,hipif,B0005,123,113.0,71.66979217529297,62.41086959838867,68.6264130433294
e3,nasa,hipif,B0005,123,114.0,71.40324401855469,62.24727249145508,68.6264130433294
e3,nasa,hipif,B0005,123,115.0,71.1460189819336,62.24535369873047,68.6264130433294
e3,nasa,hipif,B0005,123,116.0,70.87145233154297,62.317161560058594,68.6264130433294
e3,nasa,hipif,B0005,123,117.0,70.6204605102539,62.352691650390625,68.6264130433294
e3,nasa,hipif,B0005,123,118.0,70.62893676757812,62.45528793334961,68.6264130433294
e3,nasa,hipif,B0005,123,119.0,70.37992095947266,62.22754669189453,68.6264130433294
e3,nasa,hipif,B0005,123,120.0,71.66960144042969,62.31743621826172,68.6264130433294
e3,nasa,hipif,B0005,123,121.0,71.91275024414062,62.291439056396484,68.6264130433294
e3,nasa,hipif,B0005,123,122.0,70.86773681640625,62.17702865600586,67.63055649670531
e3,nasa,hipif,B0005,123,123.0,70.34908294677734,62.17769241333008,67.13681695068396
e3,nasa,hipif,B0005,123,124.0,70.06018829345703,62.24458694458008,66.86142262076311
e3,nasa,hipif,B0005,123,125.0,69.83504486083984,62.27726364135742,66.6480837574822
e3,nasa,hipif,B0005,123,126.0,69.56423950195312,62.285343170166016,66.38925343824103
e3,nasa,hipif,B0005,123,127.0,69.31143951416016,62.31050491333008,66.14720331395306
e3,nasa,hipif,B0005,123,128.0,69.02183532714844,62.28985595703125,66.14174696503
e3,nasa,hipif,B0005,123,129.0,68.7618179321289,62.24894714355469,66.14174696503
e3,nasa,hipif,B0005,123,130.0,68.52564239501953,62.32775115966797,66.14174696503
e3,nasa,hipif,B0005,123,131.0,68.52542877197266,62.383338928222656,66.14174696503
e3,nasa,hipif,B0005,123,132.0,68.23677825927734,62.33854675292969,66.14174696503
e3,nasa,hipif,B0005,123,133.0,68.76959991455078,62.23170471191406,66.14174696503
e3,nasa,hipif,B0005,123,134.0,69.30557250976562,62.20697784423828,66.14174696503
e3,nasa,hipif,B0005,123,135.0,68.49250030517578,62.17058563232422,65.36719418660545
e3,nasa,hipif,B0005,123,136.0,68.23914337158203,62.35416030883789,65.12653112923715
e3,nasa,hipif,B0005,123,137.0,67.71610260009766,62.182289123535156,64.90425782303856
e3,nasa,hipif,B0005,123,138.0,67.73208618164062,62.24573516845703,64.90425782303856
e3,nasa,hipif,B0005,123,139.0,67.73519897460938,62.36411666870117,64.90425782303856
e3,nasa,hipif,B0005,123,140.0,67.46575164794922,62.36656951904297,64.90425782303856
e3,nasa,hipif,B0005,123,141.0,67.20945739746094,62.47027587890625,64.90425782303856
e3,nasa,hipif,B0005,123,142.0,66.94956970214844,62.4302978515625,64.90425782303856
e3,nasa,hipif,B0005,123,143.0,66.94572448730469,62.435279846191406,64.90425782303856
e3,nasa,hipif,B0005,123,144.0,66.70033264160156,62.27250671386719,64.90425782303856
e3,nasa,hipif,B0005,123,145.0,66.43222045898438,62.37364959716797,64.90425782303856
e3,nasa,hipif,B0005,123,146.0,66.1585464477539,62.30520248413086,64.90425782303856
e3,nasa,hipif,B0005,123,147.0,65.90845489501953,62.25226974487305,64.90425782303856
e3,nasa,hipif,B0005,123,148.0,65.92332458496094,62.240234375,64.90425782303856
e3,nasa,hipif,B0005,123,149.0,65.9146499633789,62.39751052856445,64.90425782303856
e3,nasa,hipif,B0005,123,150.0,66.19361877441406,62.28335952758789,64.90425782303856
e3,nasa,hipif,B0005,123,151.0,68.0060806274414,62.53166198730469,64.90425782303856
e3,nasa,hipif,B0005,123,152.0,66.97653198242188,62.34345245361328,63.92723023285786
e3,nasa,hipif,B0005,123,153.0,66.45143127441406,62.305999755859375,63.424956324966914
e3,nasa,hipif,B0005,123,154.0,66.18370819091797,62.30961608886719,63.23743902611102
e3,nasa,hipif,B0005,123,155.0,65.93169403076172,62.3264045715332,63.23743902611102
e3,nasa,hipif,B0005,123,156.0,65.67375946044922,62.30386734008789,63.23743902611102
e3,nasa,hipif,B0005,123,157.0,65.66010284423828,62.434844970703125,63.23743902611102
e3,nasa,hipif,B0005,123,158.0,65.38980102539062,62.36041259765625,63.23743902611102
e3,nasa,hipif,B0005,123,159.0,65.15164947509766,62.3271484375,63.23743902611102
e3,nasa,hipif,B0005,123,160.0,65.1678695678711,62.43974685668945,63.23743902611102
e3,nasa,hipif,B0005,123,161.0,65.17050170898438,62.596134185791016,63.23743902611102
e3,nasa,hipif,B0005,123,162.0,64.89435577392578,62.44313049316406,63.23743902611102
e3,nasa,hipif,B0005,123,163.0,64.90367889404297,62.58885192871094,63.23743902611102
e3,nasa,hipif,B0005,123,164.0,64.67317962646484,62.5136604309082,63.23743902611102
e3,nasa,hipif,B0005,123,165.0,64.4001693725586,62.3541374206543,63.23743902611102
e3,nasa,hipif,B0005,123,166.0,64.37262725830078,62.458255767822266,63.23743902611102
e3,nasa,hipif,B0005,123,167.0,65.45076751708984,62.333133697509766,63.23743902611102
e3,nasa,hipif,B0005,123,168.0,66.25396728515625,62.71028518676758,63.23743902611102
e1,nasa,direct,B0006,123,1.0,101.76687622070312,97.62106323242188,
e1,nasa,direct,B0006,123,2.0,101.25701141357422,96.08756256103516,
e1,nasa,direct,B0006,123,3.0,100.66632080078125,94.283447265625,
e1,nasa,direct,B0006,123,4.0,100.66423034667969,92.98851013183594,
e1,nasa,direct,B0006,123,5.0,100.02642059326172,93.41255950927734,
e1,nasa,direct,B0006,123,6.0,100.69495391845703,91.80183410644531,
e1,nasa,direct,B0006,123,7.0,100.6550521850586,92.43085479736328,
e1,nasa,direct,B0006,123,8.0,98.43949127197266,91.42845153808594,
e1,nasa,direct,B0006,123,9.0,98.40830993652344,90.53760528564453,
e1,nasa,direct,B0006,123,10.0,97.86154174804688,92.05712890625,
e1,nasa,direct,B0006,123,11.0,97.27996063232422,90.29932403564453,
e1,nasa,direct,B0006,123,12.0,96.7375259399414,89.34648132324219,
e1,nasa,direct,B0006,123,13.0,96.16400146484375,88.53752136230469,
e1,nasa,direct,B0006,123,14.0,95.59449768066406,88.73622131347656,
e1,nasa,direct,B0006,123,15.0,95.05333709716797,89.87081146240234,
e1,nasa,direct,B0006,123,16.0,94.45995330810547,90.3475341796875,
e1,nasa,direct,B0006,123,17.0,93.9139175415039,86.5348892211914,
e1,nasa,direct,B0006,123,18.0,93.37848663330078,87.54135131835938,
e1,nasa,direct,B0006,123,19.0,93.37946319580078,84.99014282226562,
e1,nasa,direct,B0006,123,20.0,98.98133087158203,87.06831359863281,
e1,nasa,direct,B0006,123,21.0,97.87749481201172,84.24150085449219,
e1,nasa,direct,B0006,123,22.0,97.2907485961914,85.7023696899414,
e1,nasa,direct,B0006,123,23.0,96.2123031616211,83.3387680053711,
e1,nasa,direct,B0006,123,24.0,97.29905700683594,81.72322082519531,
e1,nasa,direct,B0006,123,25.0,95.07039642333984,80.22061157226562,
e1,nasa,direct,B0006,123,26.0,93.93370819091797,85.5881576538086,
e1,nasa,direct,B0006,123,27.0,93.4153060913086,81.48219299316406,
e1,nasa,direct,B0006,123,28.0,92.80122375488281,81.63943481445312,
e1,nasa,direct,B0006,123,29.0,92.2599868774414,79.59234619140625,
e1,nasa,direct,B0006,123,30.0,92.86144256591797,80.74860382080078,
e1,nasa,direct,B0006,123,31.0,96.23880767822266,76.04690551757812,
e1,nasa,direct,B0006,123,32.0,94.11158752441406,75.44244384765625,
e1,nasa,direct,B0006,123,33.0,92.76383209228516,76.89009094238281,
e1,nasa,direct,B0006,123,34.0,91.9625473022461,76.76383209228516,
e1,nasa,direct,B0006,123,35.0,90.9269790649414,78.82373046875,
e1,nasa,direct,B0006,123,36.0,90.6738510131836,77.7076416015625,
e1,nasa,direct,B0006,123,37.0,89.85509490966797,76.61231994628906,
e1,nasa,direct,B0006,123,38.0,89.05023193359375,77.09519958496094,
e1,nasa,direct,B0006,123,39.0,88.55065155029297,76.59219360351562,
e1,nasa,direct,B0006,123,40.0,88.0235595703125,75.41316223144531,
e1,nasa,direct,B0006,123,41.0,87.51457214355469,74.36976623535156,
e1,nasa,direct,B0006,123,42.0,86.97462463378906,75.15994262695312,
e1,nasa,direct,B0006,123,43.0,87.73383331298828,76.87262725830078,
e1,nasa,direct,B0006,123,44.0,88.29695129394531,72.4106674194336,
e1,nasa,direct,B0006,123,45.0,86.68943786621094,72.53318786621094,
e1,nasa,direct,B0006,123,46.0,85.66629791259766,72.2451400756836,
e1,nasa,direct,B0006,123,47.0,85.12039184570312,71.99226379394531,
e1,nasa,direct,B0006,123,48.0,91.18597412109375,69.801025390625,
e1,nasa,direct,B0006,123,49.0,90.40641784667969,70.98475646972656,
e1,nasa,direct,B0006,123,50.0,88.78805541992188,71.07347106933594,
e1,nasa,direct,B0006,123,51.0,87.23705291748047,72.38943481445312,
e1,nasa,direct,B0006,123,52.0,86.4603500366211,69.47599029541016,
e1,nasa,direct,B0006,123,53.0,85.40543365478516,69.920654296875,
e1,nasa,direct,B0006,123,54.0,84.87976837158203,70.27212524414062,
e1,nasa,direct,B0006,123,55.0,84.1031723022461,69.8331298828125,
e1,nasa,direct,B0006,123,56.0,83.57384490966797,69.7874755859375,
e1,nasa,direct,B0006,123,57.0,83.03795623779297,70.64146423339844,
e1,nasa,direct,B0006,123,58.0,82.5560531616211,71.5889663696289,
e1,nasa,direct,B0006,123,59.0,82.00674438476562,70.17149353027344,
e1,nasa,direct,B0006,123,60.0,81.45999908447266,70.40303039550781,
e1,nasa,direct,B0006,123,61.0,80.4424819946289,69.64241027832031,
e1,nasa,direct,B0006,123,62.0,80.17622375488281,71.63660430908203,
e1,nasa,direct,B0006,123,63.0,79.94856262207031,70.72413635253906,
e1,nasa,direct,B0006,123,64.0,79.38136291503906,70.46751403808594,
e1,nasa,direct,B0006,123,65.0,79.14859771728516,69.19754791259766,
e1,nasa,direct,B0006,123,66.0,78.35688018798828,71.25444030761719,
e1,nasa,direct,B0006,123,67.0,78.06723022460938,70.962158203125,
e1,nasa,direct,B0006,123,68.0,77.55856323242188,69.86930847167969,
e1,nasa,direct,B0006,123,69.0,77.03370666503906,71.52363586425781,
e1,nasa,direct,B0006,123,70.0,76.26569366455078,72.42591094970703,
e1,nasa,direct,B0006,123,71.0,76.50785064697266,69.63299560546875,
e1,nasa,direct,B0006,123,72.0,76.23283386230469,70.75023651123047,
e1,nasa,direct,B0006,123,73.0,75.72746276855469,68.5473403930664,
e1,nasa,direct,B0006,123,74.0,75.46957397460938,69.09487915039062,
e1,nasa,direct,B0006,123,75.0,75.19987487792969,69.9284896850586,
e1,nasa,direct,B0006,123,76.0,74.67601013183594,68.89995574951172,
e1,nasa,direct,B0006,123,77.0,74.3816146850586,70.75814819335938,
e1,nasa,direct,B0006,123,78.0,76.5143814086914,68.7535171508789,
e1,nasa,direct,B0006,123,79.0,75.20380401611328,68.22051239013672,
e1,nasa,direct,B0006,123,80.0,74.4379653930664,70.28256225585938,
e1,nasa,direct,B0006,123,81.0,73.91389465332031,67.75076293945312,
e1,nasa,direct,B0006,123,82.0,73.9229965209961,67.82622528076172,
e1,nasa,direct,B0006,123,83.0,73.6607437133789,67.13986206054688,
e1,nasa,direct,B0006,123,84.0,73.37582397460938,68.72921752929688,
e1,nasa,direct,B0006,123,85.0,72.58146667480469,69.49198913574219,
e1,nasa,direct,B0006,123,86.0,72.59619140625,68.77642059326172,
e1,nasa,direct,B0006,123,87.0,72.357421875,66.50731658935547,
e1,nasa,direct,B0006,123,88.0,72.34268951416016,67.60832977294922,
e1,nasa,direct,B0006,123,89.0,72.08370971679688,66.35582733154297,
e1,nasa,direct,B0006,123,90.0,79.67933654785156,62.05268478393555,
e1,nasa,direct,B0006,123,91.0,77.31951141357422,63.435420989990234,
e1,nasa,direct,B0006,123,92.0,75.73528289794922,65.04105377197266,
e1,nasa,direct,B0006,123,93.0,74.94892883300781,66.04953002929688,
e1,nasa,direct,B0006,123,94.0,74.15555572509766,64.8198471069336,
e1,nasa,direct,B0006,123,95.0,73.64832305908203,66.422119140625,
e1,nasa,direct,B0006,123,96.0,73.13802337646484,65.30458068847656,
e1,nasa,direct,B0006,123,97.0,72.5918197631836,66.74775695800781,
e1,nasa,direct,B0006,123,98.0,72.34335327148438,66.7458267211914,
e1,nasa,direct,B0006,123,99.0,72.06902313232422,65.90795135498047,
e1,nasa,direct,B0006,123,100.0,71.56053924560547,66.76221466064453,
e1,nasa,direct,B0006,123,101.0,71.30123901367188,67.12727355957031,
e1,nasa,direct,B0006,123,102.0,71.02438354492188,65.20542907714844,
e1,nasa,direct,B0006,123,103.0,71.0350341796875,67.45221710205078,
e1,nasa,direct,B0006,123,104.0,72.61279296875,63.635459899902344,
e1,nasa,direct,B0006,123,105.0,71.577880859375,64.43366241455078,
e1,nasa,direct,B0006,123,106.0,70.75078582763672,67.19080352783203,
e1,nasa,direct,B0006,123,107.0,70.48655700683594,64.79854583740234,
e1,nasa,direct,B0006,123,108.0,70.24586486816406,64.57588195800781,
e1,nasa,direct,B0006,123,109.0,69.75821685791016,63.93008041381836,
e1,nasa,direct,B0006,123,110.0,69.72672271728516,64.22604370117188,
e1,nasa,direct,B0006,123,111.0,69.46585845947266,65.15003204345703,
e1,nasa,direct,B0006,123,112.0,69.19189453125,65.11093139648438,
e1,nasa,direct,B0006,123,113.0,68.68407440185547,66.7586669921875,
e1,nasa,direct,B0006,123,114.0,68.9302978515625,65.03434753417969,
e1,nasa,direct,B0006,123,115.0,68.68800354003906,64.89725494384766,
e1,nasa,direct,B0006,123,116.0,68.41290283203125,65.10067749023438,
e1,nasa,direct,B0006,123,117.0,68.16512298583984,65.01610565185547,
e1,nasa,direct,B0006,123,118.0,67.90483093261719,63.70050811767578,
e1,nasa,direct,B0006,123,119.0,67.6634521484375,65.28460693359375,
e1,nasa,direct,B0006,123,120.0,69.2080307006836,65.62483215332031,
e1,nasa,direct,B0006,123,121.0,70.25733947753906,63.20524215698242,
e1,nasa,direct,B0006,123,122.0,68.93595123291016,64.87213897705078,
e1,nasa,direct,B0006,123,123.0,68.41329193115234,63.78793716430664,
e1,nasa,direct,B0006,123,124.0,67.86575317382812,65.17573547363281,
e1,nasa,direct,B0006,123,125.0,67.62467193603516,63.900062561035156,
e1,nasa,direct,B0006,123,126.0,67.37049865722656,64.10755157470703,
e1,nasa,direct,B0006,123,127.0,66.85037231445312,64.56241607666016,
e1,nasa,direct,B0006,123,128.0,66.561767578125,64.55400848388672,
e1,nasa,direct,B0006,123,129.0,66.29651641845703,63.816444396972656,
e1,nasa,direct,B0006,123,130.0,66.07893371582031,64.89568328857422,
e1,nasa,direct,B0006,123,131.0,66.0612564086914,63.589317321777344,
e1,nasa,direct,B0006,123,132.0,65.78242492675781,63.14794921875,
e1,nasa,direct,B0006,123,133.0,66.04512786865234,64.36491394042969,
e1,nasa,direct,B0006,123,134.0,67.37164306640625,62.87908935546875,
e1,nasa,direct,B0006,123,135.0,66.30064392089844,62.28623580932617,
e1,nasa,direct,B0006,123,136.0,65.50593566894531,63.582210540771484,
e1,nasa,direct,B0006,123,137.0,65.26081085205078,62.74458694458008,
e1,nasa,direct,B0006,123,138.0,65.02030944824219,64.46156311035156,
e1,nasa,direct,B0006,123,139.0,65.01178741455078,63.273860931396484,
e1,nasa,direct,B0006,123,140.0,64.47533416748047,64.45785522460938,
e1,nasa,direct,B0006,123,141.0,63.96265411376953,63.796634674072266,
e1,nasa,direct,B0006,123,142.0,63.960391998291016,62.92969512939453,
e1,nasa,direct,B0006,123,143.0,63.701839447021484,63.3391227722168,
e1,nasa,direct,B0006,123,144.0,63.70637130737305,63.07268142700195,
e1,nasa,direct,B0006,123,145.0,63.18819808959961,63.29867172241211,
e1,nasa,direct,B0006,123,146.0,62.90686798095703,62.53787612915039,
e1,nasa,direct,B0006,123,147.0,62.662994384765625,64.12248229980469,
e1,nasa,direct,B0006,123,148.0,62.66156768798828,63.91194152832031,
e1,nasa,direct,B0006,123,149.0,62.40437316894531,63.00352478027344,
e1,nasa,direct,B0006,123,150.0,62.67177200317383,63.32562255859375,
e1,nasa,direct,B0006,123,151.0,64.49024200439453,62.01234436035156,
e1,nasa,direct,B0006,123,152.0,63.17700958251953,62.72159957885742,
e1,nasa,direct,B0006,123,153.0,62.398807525634766,62.34506607055664,
e1,nasa,direct,B0006,123,154.0,61.606014251708984,63.08002471923828,
e1,nasa,direct,B0006,123,155.0,61.355690002441406,63.87369155883789,
e1,nasa,direct,B0006,123,156.0,61.08698654174805,62.67234420776367,
e1,nasa,direct,B0006,123,157.0,60.55513381958008,63.46762466430664,
e1,nasa,direct,B0006,123,158.0,60.280799865722656,63.59761428833008,
e1,nasa,direct,B0006,123,159.0,60.044681549072266,63.68764114379883,
e1,nasa,direct,B0006,123,160.0,59.529518127441406,63.210479736328125,
e1,nasa,direct,B0006,123,161.0,59.25896072387695,62.951602935791016,
e1,nasa,direct,B0006,123,162.0,58.98353576660156,62.78282928466797,
e1,nasa,direct,B0006,123,163.0,58.72976303100586,63.48084259033203,
e1,nasa,direct,B0006,123,164.0,57.69091796875,63.335731506347656,
e1,nasa,direct,B0006,123,165.0,58.22004699707031,62.47893524169922,
e1,nasa,direct,B0006,123,166.0,57.939876556396484,63.983158111572266,
e1,nasa,direct,B0006,123,167.0,58.74874496459961,63.5811882019043,
e1,nasa,direct,B0006,123,168.0,59.28376007080078,62.965599060058594,
e3,nasa,hipif,B0006,123,1.0,101.76687622070312,97.9351577758789,97.9351577758789
e3,nasa,hipif,B0006,123,2.0,101.25701141357422,96.77613830566406,97.43976876271607
e3,nasa,hipif,B0006,123,3.0,100.66632080078125,95.2149429321289,96.94850323547661
e3,nasa,hipif,B0006,123,4.0,100.66423034667969,94.10435485839844,96.45928834500482
e3,nasa,hipif,B0006,123,5.0,100.02642059326172,94.31239318847656,96.44174246053574
e3,nasa,hipif,B0006,123,6.0,100.69495391845703,93.00296020507812,96.44174246053574
e3,nasa,hipif,B0006,123,7.0,100.6550521850586,93.42353820800781,96.40412027255076
e3,nasa,hipif,B0006,123,8.0,98.43949127197266,92.41478729248047,94.80722001251648
e3,nasa,hipif,B0006,123,9.0,98.40830993652344,91.72382354736328,94.80722001251648
e3,nasa,hipif,B0006,123,10.0,97.86154174804688,93.32382202148438,94.80722001251648
e3,nasa,hipif,B0006,123,11.0,97.27996063232422,91.77071380615234,94.80722001251648
e3,nasa,hipif,B0006,123,12.0,96.7375259399414,91.00098419189453,94.80722001251648
e3,nasa,hipif,B0006,123,13.0,96.16400146484375,90.45957946777344,94.80722001251648
e3,nasa,hipif,B0006,123,14.0,95.59449768066406,90.99702453613281,94.80722001251648
e3,nasa,hipif,B0006,123,15.0,95.05333709716797,92.27159881591797,94.80722001251648
e3,nasa,hipif,B0006,123,16.0,94.45995330810547,92.74600219726562,94.80722001251648
e3,nasa,hipif,B0006,123,17.0,93.9139175415039,89.61883544921875,94.80722001251648
e3,nasa,hipif,B0006,123,18.0,93.37848663330078,90.46417236328125,94.80722001251648
e3,nasa,hipif,B0006,123,19.0,93.37946319580078,88.38457489013672,94.80722001251648
e3,nasa,hipif,B0006,123,20.0,98.98133087158203,90.24128723144531,94.80722001251648
e3,nasa,hipif,B0006,123,21.0,97.87749481201172,88.07032775878906,93.7588891663522
e3,nasa,hipif,B0006,123,22.0,97.2907485961914,89.29678344726562,93.19546501146996
e3,nasa,hipif,B0006,123,23.0,96.2123031616211,87.46942138671875,92.66586091063319
e3,nasa,hipif,B0006,123,24.0,97.29905700683594,86.02516174316406,92.66586091063319
e3,nasa,hipif,B0006,123,25.0,95.07039642333984,85.04499816894531,91.91783256274219
e3,nasa,hipif,B0006,123,26.0,93.93370819091797,89.40528106689453,91.91783256274219
e3,nasa,hipif,B0006,123,27.0,93.4153060913086,86.22332763671875,91.91783256274219
e3,nasa,hipif,B0006,123,28.0,92.80122375488281,86.32402038574219,91.91783256274219
e3,nasa,hipif,B0006,123,29.0,92.2599868774414,84.61150360107422,91.91783256274219
e3,nasa,hipif,B0006,123,30.0,92.86144256591797,85.63871765136719,91.91783256274219
e3,nasa,hipif,B0006,123,31.0,96.23880767822266,82.99128723144531,91.91783256274219
e3,nasa,hipif,B0006,123,32.0,94.11158752441406,82.52464294433594,90.01797147482074
e3,nasa,hipif,B0006,123,33.0,92.76383209228516,83.40115356445312,88.9860108203076
e3,nasa,hipif,B0006,123,34.0,91.9625473022461,83.35282135009766,88.22058203978474
e3,nasa,hipif,B0006,123,35.0,90.9269790649414,84.45034790039062,87.47715494221006
e3,nasa,hipif,B0006,123,36.0,90.6738510131836,83.98062133789062,87.47715494221006
e3,nasa,hipif,B0006,123,37.0,89.85509490966797,83.41388702392578,87.47715494221006
e3,nasa,hipif,B0006,123,38.0,89.05023193359375,83.70555877685547,87.47715494221006
e3,nasa,hipif,B0006,123,39.0,88.55065155029297,83.51390075683594,87.47715494221006
e3,nasa,hipif,B0006,123,40.0,88.0235595703125,82.88812255859375,87.47715494221006
e3,nasa,hipif,B0006,123,41.0,87.51457214355469,82.23160552978516,87.47715494221006
e3,nasa,hipif,B0006,123,42.0,86.97462463378906,82.79737091064453,87.47715494221006
e3,nasa,hipif,B0006,123,43.0,87.73383331298828,83.38233947753906,87.47715494221006
e3,nasa,hipif,B0006,123,44.0,88.29695129394531,80.72892761230469,87.47715494221006
e3,nasa,hipif,B0006,123,45.0,86.68943786621094,80.87483215332031,87.47715494221006
e3,nasa,hipif,B0006,123,46.0,85.66629791259766,80.59037780761719,87.47715494221006
e3,nasa,hipif,B0006,123,47.0,85.12039184570312,80.24883270263672,87.47715494221006
e3,nasa,hipif,B0006,123,48.0,91.18597412109375,77.15652465820312,87.47715494221006
e3,nasa,hipif,B0006,123,49.0,90.40641784667969,78.52745056152344,86.74123846111969
e3,nasa,hipif,B0006,123,50.0,88.78805541992188,78.64117431640625,85.19749610681502
e3,nasa,hipif,B0006,123,51.0,87.23705291748047,80.15878295898438,83.7130905113865
e3,nasa,hipif,B0006,123,52.0,86.4603500366211,76.5938949584961,82.97204982107763
e3,nasa,hipif,B0006,123,53.0,85.40543365478516,77.24671936035156,81.96852315216938
e3,nasa,hipif,B0006,123,54.0,84.87976837158203,77.67387390136719,81.46720061313506
e3,nasa,hipif,B0006,123,55.0,84.1031723022461,77.02716827392578,80.72973417364376
e3,nasa,hipif,B0006,123,56.0,83.57384490966797,76.86857604980469,80.22612037744832
e3,nasa,hipif,B0006,123,57.0,83.03795623779297,77.82965087890625,79.71765252154323
e3,nasa,hipif,B0006,123,58.0,82.5560531616211,78.8573226928711,79.26084034363492
e3,nasa,hipif,B0006,123,59.0,82.00674438476562,77.17234802246094,78.73438042651954
e3,nasa,hipif,B0006,123,60.0,81.45999908447266,77.40203094482422,78.21286299020302
e3,nasa,hipif,B0006,123,61.0,80.4424819946289,76.52297973632812,77.45070838928223
e3,nasa,hipif,B0006,123,62.0,80.17622375488281,78.72337341308594,77.45070838928223
e3,nasa,hipif,B0006,123,63.0,79.94856262207031,77.49056243896484,77.45070838928223
e3,nasa,hipif,B0006,123,64.0,79.38136291503906,77.20697021484375,77.35150146484375
e3,nasa,hipif,B0006,123,65.0,79.14859771728516,75.43701171875,77.35150146484375
e3,nasa,hipif,B0006,123,66.0,78.35688018798828,77.99989318847656,77.35150146484375
e3,nasa,hipif,B0006,123,67.0,78.06723022460938,77.48587036132812,77.35150146484375
e3,nasa,hipif,B0006,123,68.0,77.55856323242188,76.2481918334961,77.35150146484375
e3,nasa,hipif,B0006,123,69.0,77.03370666503906,78.03318786621094,77.35150146484375
e3,nasa,hipif,B0006,123,70.0,76.26569366455078,79.04938507080078,77.35150146484375
e3,nasa,hipif,B0006,123,71.0,76.50785064697266,75.71022033691406,76.80362774044345
e3,nasa,hipif,B0006,123,72.0,76.23283386230469,76.85663604736328,76.52262335337988
e3,nasa,hipif,B0006,123,73.0,75.72746276855469,74.52719116210938,76.52262335337988
e3,nasa,hipif,B0006,123,74.0,75.46957397460938,74.90640258789062,76.52262335337988
e3,nasa,hipif,B0006,123,75.0,75.19987487792969,75.72816467285156,76.52262335337988
e3,nasa,hipif,B0006,123,76.0,74.67601013183594,74.7086410522461,76.52262335337988
e3,nasa,hipif,B0006,123,77.0,74.3816146850586,76.54601287841797,76.52262335337988
e3,nasa,hipif,B0006,123,78.0,76.5143814086914,73.8634262084961,76.52262335337988
e3,nasa,hipif,B0006,123,79.0,75.20380401611328,73.61505889892578,76.52262335337988
e3,nasa,hipif,B0006,123,80.0,74.4379653930664,75.74707794189453,76.52262335337988
e3,nasa,hipif,B0006,123,81.0,73.91389465332031,73.27547454833984,76.52262335337988
e3,nasa,hipif,B0006,123,82.0,73.9229965209961,73.21708679199219,76.52262335337988
e3,nasa,hipif,B0006,123,83.0,73.6607437133789,72.57145690917969,76.52262335337988
e3,nasa,hipif,B0006,123,84.0,73.37582397460938,73.94799041748047,76.52262335337988
e3,nasa,hipif,B0006,123,85.0,72.58146667480469,74.72591400146484,76.52262335337988
e3,nasa,hipif,B0006,123,86.0,72.59619140625,73.90666198730469,76.52262335337988
e3,nasa,hipif,B0006,123,87.0,72.357421875,72.02110290527344,76.52262335337988
e3,nasa,hipif,B0006,123,88.0,72.34268951416016,72.8404769897461,76.52262335337988
e3,nasa,hipif,B0006,123,89.0,72.08370971679688,71.81499481201172,76.52262335337988
e3,nasa,hipif,B0006,123,90.0,79.67933654785156,65.99533081054688,76.52262335337988
e3,nasa,hipif,B0006,123,91.0,77.31951141357422,68.3029556274414,74.27069160267445
e3,nasa,hipif,B0006,123,92.0,75.73528289794922,70.20868682861328,72.76447746159943
e3,nasa,hipif,B0006,123,93.0,74.94892883300781,71.03020477294922,72.01492823409549
e3,nasa,hipif,B0006,123,94.0,74.15555572509766,70.09871673583984,71.2614619336423
e3,nasa,hipif,B0006,123,95.0,73.64832305908203,71.3761215209961,70.78292216900228
e3,nasa,hipif,B0006,123,96.0,73.13802337646484,70.4852523803711,70.56742204938617
e3,nasa,hipif,B0006,123,97.0,72.5918197631836,71.65469360351562,70.56742204938617
e3,nasa,hipif,B0006,123,98.0,72.34335327148438,71.67454528808594,70.56742204938617
e3,nasa,hipif,B0006,123,99.0,72.06902313232422,70.94644165039062,70.56742204938617
e3,nasa,hipif,B0006,123,100.0,71.56053924560547,71.6559066772461,70.56742204938617
e3,nasa,hipif,B0006,123,101.0,71.30123901367188,71.9143295288086,70.56742204938617
e3,nasa,hipif,B0006,123,102.0,71.02438354492188,70.34464263916016,70.56742204938617
e3,nasa,hipif,B0006,123,103.0,71.0350341796875,72.2560806274414,70.56742204938617
e3,nasa,hipif,B0006,123,104.0,72.61279296875,68.63053131103516,70.01641303174792
e3,nasa,hipif,B0006,123,105.0,71.577880859375,69.5041732788086,69.9765141805013
e3,nasa,hipif,B0006,123,106.0,70.75078582763672,71.79483795166016,69.9765141805013
e3,nasa,hipif,B0006,123,107.0,70.48655700683594,69.82640075683594,69.95243141867898
e3,nasa,hipif,B0006,123,108.0,70.24586486816406,69.6632080078125,69.95243141867898
e3,nasa,hipif,B0006,123,109.0,69.75821685791016,69.07281494140625,69.95243141867898
e3,nasa,hipif,B0006,123,110.0,69.72672271728516,69.32070922851562,69.95243141867898
e3,nasa,hipif,B0006,123,111.0,69.46585845947266,70.12385559082031,69.95243141867898
e3,nasa,hipif,B0006,123,112.0,69.19189453125,70.0890884399414,69.95243141867898
e3,nasa,hipif,B0006,123,113.0,68.68407440185547,71.44876098632812,69.95243141867898
e3,nasa,hipif,B0006,123,114.0,68.9302978515625,70.024658203125,69.95243141867898
e3,nasa,hipif,B0006,123,115.0,68.68800354003906,69.89585876464844,69.95243141867898
e3,nasa,hipif,B0006,123,116.0,68.41290283203125,70.05229949951172,69.95243141867898
e3,nasa,hipif,B0006,123,117.0,68.16512298583984,69.95909118652344,69.95243141867898
e3,nasa,hipif,B0006,123,118.0,67.90483093261719,68.67723846435547,69.75331115722656
e3,nasa,hipif,B0006,123,119.0,67.6634521484375,70.17677307128906,69.75331115722656
e3,nasa,hipif,B0006,123,120.0,69.2080307006836,70.40592193603516,69.75331115722656
e3,nasa,hipif,B0006,123,121.0,70.25733947753906,67.63967895507812,69.19710963774482
e3,nasa,hipif,B0006,123,122.0,68.93595123291016,69.47449493408203,68.96861038208007
e3,nasa,hipif,B0006,123,123.0,68.41329193115234,68.52566528320312,68.96861038208007
e3,nasa,hipif,B0006,123,124.0,67.86575317382812,69.8105239868164,68.96861038208007
e3,nasa,hipif,B0006,123,125.0,67.62467193603516,68.6567153930664,68.96861038208007
e3,nasa,hipif,B0006,123,126.0,67.37049865722656,68.81893157958984,68.96861038208007
e3,nasa,hipif,B0006,123,127.0,66.85037231445312,69.29430389404297,68.96861038208007
e3,nasa,hipif,B0006,123,128.0,66.561767578125,69.2873306274414,68.96861038208007
e3,nasa,hipif,B0006,123,129.0,66.29651641845703,68.59896087646484,68.96861038208007
e3,nasa,hipif,B0006,123,130.0,66.07893371582031,69.57949829101562,68.96861038208007
e3,nasa,hipif,B0006,123,131.0,66.0612564086914,68.27066802978516,68.45003255208333
e3,nasa,hipif,B0006,123,132.0,65.78242492675781,67.84957122802734,68.45003255208333
e3,nasa,hipif,B0006,123,133.0,66.04512786865234,69.2298583984375,68.45003255208333
e3,nasa,hipif,B0006,123,134.0,67.37164306640625,67.16159057617188,67.95594120025635
e3,nasa,hipif,B0006,123,135.0,66.30064392089844,66.59149932861328,67.95594120025635
e3,nasa,hipif,B0006,123,136.0,65.50593566894531,68.17086791992188,67.95594120025635
e3,nasa,hipif,B0006,123,137.0,65.26081085205078,67.27490234375,67.95594120025635
e3,nasa,hipif,B0006,123,138.0,65.02030944824219,69.05352783203125,67.95594120025635
e3,nasa,hipif,B0006,123,139.0,65.01178741455078,67.87891387939453,67.95594120025635
e3,nasa,hipif,B0006,123,140.0,64.47533416748047,69.04969787597656,67.95594120025635
e3,nasa,hipif,B0006,123,141.0,63.96265411376953,68.4665298461914,67.95594120025635
e3,nasa,hipif,B0006,123,142.0,63.960391998291016,67.48599243164062,67.89242553710938
e3,nasa,hipif,B0006,123,143.0,63.701839447021484,67.93659973144531,67.89242553710938
e3,nasa,hipif,B0006,123,144.0,63.70637130737305,67.61775207519531,67.89242553710938
e3,nasa,hipif,B0006,123,145.0,63.18819808959961,67.97813415527344,67.89242553710938
e3,nasa,hipif,B0006,123,146.0,62.90686798095703,66.94099426269531,67.89242553710938
e3,nasa,hipif,B0006,123,147.0,62.662994384765625,68.76884460449219,67.89242553710938
e3,nasa,hipif,B0006,123,148.0,62.66156768798828,68.51866149902344,67.89242553710938
e3,nasa,hipif,B0006,123,149.0,62.40437316894531,67.54862976074219,67.79950714111328
e3,nasa,hipif,B0006,123,150.0,62.67177200317383,68.05038452148438,67.79950714111328
e3,nasa,hipif,B0006,123,151.0,64.49024200439453,65.93580627441406,67.66753881117877
e3,nasa,hipif,B0006,123,152.0,63.17700958251953,67.05599975585938,67.66753881117877
e3,nasa,hipif,B0006,123,153.0,62.398807525634766,66.60984802246094,67.66753881117877
e3,nasa,hipif,B0006,123,154.0,61.606014251708984,67.61854553222656,67.66753881117877
e3,nasa,hipif,B0006,123,155.0,61.355690002441406,68.49034881591797,67.66753881117877
e3,nasa,hipif,B0006,123,156.0,61.08698654174805,67.07555389404297,67.66753881117877
e3,nasa,hipif,B0006,123,157.0,60.55513381958008,68.07637786865234,67.66753881117877
e3,nasa,hipif,B0006,123,158.0,60.280799865722656,68.21533966064453,67.66753881117877
e3,nasa,hipif,B0006,123,159.0,60.044681549072266,68.29723358154297,67.66753881117877
e3,nasa,hipif,B0006,123,160.0,59.529518127441406,67.81210327148438,67.66753881117877
e3,nasa,hipif,B0006,123,161.0,59.25896072387695,67.47221374511719,67.66753881117877
e3,nasa,hipif,B0006,123,162.0,58.98353576660156,67.25958251953125,67.66753881117877
e3,nasa,hipif,B0006,123,163.0,58.72976303100586,68.10374450683594,67.66753881117877
e3,nasa,hipif,B0006,123,164.0,57.69091796875,68.25038146972656,67.66753881117877
e3,nasa,hipif,B0006,123,165.0,58.22004699707031,66.89241027832031,67.66753881117877
e3,nasa,hipif,B0006,123,166.0,57.939876556396484,68.66185760498047,67.66753881117877
e3,nasa,hipif,B0006,123,167.0,58.74874496459961,68.52081298828125,67.66753881117877
e3,nasa,hipif,B0006,123,168.0,59.28376007080078,67.24222564697266,67.24222564697266
e1,nasa,direct,B0007,123,1.0,94.5526123046875,97.81953430175781,
e1,nasa,direct,B0007,123,2.0,94.03185272216797,96.79374694824219,
e1,nasa,direct,B0007,123,3.0,94.03313446044922,96.09806823730469,
e1,nasa,direct,B0007,123,4.0,94.03854370117188,96.23985290527344,
e1,nasa,direct,B0007,123,5.0,93.97254180908203,96.85598754882812,
e1,nasa,direct,B0007,123,6.0,94.03501892089844,93.66654968261719,
e1,nasa,direct,B0007,123,7.0,93.99676513671875,93.90943908691406,
e1,nasa,direct,B0007,123,8.0,94.075439453125,94.82073974609375,
e1,nasa,direct,B0007,123,9.0,93.48454284667969,95.81718444824219,
e1,nasa,direct,B0007,123,10.0,93.50261688232422,96.92227172851562,
e1,nasa,direct,B0007,123,11.0,93.50221252441406,97.95672607421875,
e1,nasa,direct,B0007,123,12.0,92.98259735107422,95.77392578125,
e1,nasa,direct,B0007,123,13.0,92.9537353515625,95.20774841308594,
e1,nasa,direct,B0007,123,14.0,92.95042419433594,96.98513793945312,
e1,nasa,direct,B0007,123,15.0,92.96810913085938,90.49201965332031,
e1,nasa,direct,B0007,123,16.0,92.93677520751953,91.70875549316406,
e1,nasa,direct,B0007,123,17.0,92.39086151123047,93.98377227783203,
e1,nasa,direct,B0007,123,18.0,92.42626190185547,88.04293060302734,
e1,nasa,direct,B0007,123,19.0,92.4189453125,89.88272094726562,
e1,nasa,direct,B0007,123,20.0,94.03902435302734,93.04694366455078,
e1,nasa,direct,B0007,123,21.0,94.0736083984375,94.10384368896484,
e1,nasa,direct,B0007,123,22.0,94.05477142333984,88.07049560546875,
e1,nasa,direct,B0007,123,23.0,93.55044555664062,92.22607421875,
e1,nasa,direct,B0007,123,24.0,93.50997924804688,93.39965057373047,
e1,nasa,direct,B0007,123,25.0,93.53357696533203,87.12248229980469,
e1,nasa,direct,B0007,123,26.0,92.98062133789062,90.59677124023438,
e1,nasa,direct,B0007,123,27.0,93.00169372558594,84.73960876464844,
e1,nasa,direct,B0007,123,28.0,92.95826721191406,87.71888732910156,
e1,nasa,direct,B0007,123,29.0,92.40699005126953,89.51070404052734,
e1,nasa,direct,B0007,123,30.0,92.4600830078125,85.58940887451172,
e1,nasa,direct,B0007,123,31.0,94.17338562011719,81.6548843383789,
e1,nasa,direct,B0007,123,32.0,93.14105224609375,82.78507232666016,
e1,nasa,direct,B0007,123,33.0,92.60425567626953,80.93051147460938,
e1,nasa,direct,B0007,123,34.0,92.34752655029297,83.52731323242188,
e1,nasa,direct,B0007,123,35.0,91.84142303466797,80.76722717285156,
e1,nasa,direct,B0007,123,36.0,91.85810089111328,82.73799896240234,
e1,nasa,direct,B0007,123,37.0,91.58361053466797,83.20045471191406,
e1,nasa,direct,B0007,123,38.0,91.05735778808594,78.67292022705078,
e1,nasa,direct,B0007,123,39.0,90.82530212402344,80.1419448852539,
e1,nasa,direct,B0007,123,40.0,90.56907653808594,77.98192596435547,
e1,nasa,direct,B0007,123,41.0,90.58028411865234,79.91482543945312,
e1,nasa,direct,B0007,123,42.0,90.30274200439453,79.01335144042969,
e1,nasa,direct,B0007,123,43.0,90.66020965576172,79.93574523925781,
e1,nasa,direct,B0007,123,44.0,90.3132095336914,78.164794921875,
e1,nasa,direct,B0007,123,45.0,89.79154968261719,78.68054962158203,
e1,nasa,direct,B0007,123,46.0,89.29426574707031,75.3908462524414,
e1,nasa,direct,B0007,123,47.0,89.01634216308594,76.65412902832031,
e1,nasa,direct,B0007,123,48.0,90.7537841796875,74.93067932128906,
e1,nasa,direct,B0007,123,49.0,90.78512573242188,73.89405822753906,
e1,nasa,direct,B0007,123,50.0,90.01216125488281,73.55743408203125,
e1,nasa,direct,B0007,123,51.0,89.52238464355469,74.31489562988281,
e1,nasa,direct,B0007,123,52.0,89.01715087890625,73.80472564697266,
e1,nasa,direct,B0007,123,53.0,88.76644134521484,75.11129760742188,
e1,nasa,direct,B0007,123,54.0,88.51314544677734,75.1669921875,
e1,nasa,direct,B0007,123,55.0,88.0040512084961,73.57382202148438,
e1,nasa,direct,B0007,123,56.0,87.48237609863281,76.27597045898438,
e1,nasa,direct,B0007,123,57.0,87.48250579833984,75.14148712158203,
e1,nasa,direct,B0007,123,58.0,87.25143432617188,75.29792785644531,
e1,nasa,direct,B0007,123,59.0,86.98228454589844,73.92805480957031,
e1,nasa,direct,B0007,123,60.0,86.42821502685547,75.4713134765625,
e1,nasa,direct,B0007,123,61.0,86.19501495361328,72.37608337402344,
e1,nasa,direct,B0007,123,62.0,85.69894409179688,74.9168472290039,
e1,nasa,direct,B0007,123,63.0,85.6985092163086,72.44298553466797,
e1,nasa,direct,B0007,123,64.0,85.18260955810547,74.4999008178711,
e1,nasa,direct,B0007,123,65.0,85.20068359375,72.90817260742188,
e1,nasa,direct,B0007,123,66.0,84.67858123779297,70.81166076660156,
e1,nasa,direct,B0007,123,67.0,84.38288879394531,70.91864776611328,
e1,nasa,direct,B0007,123,68.0,84.15372467041016,70.57305908203125,
e1,nasa,direct,B0007,123,69.0,83.89634704589844,70.30587005615234,
e1,nasa,direct,B0007,123,70.0,83.6603012084961,70.36264038085938,
e1,nasa,direct,B0007,123,71.0,83.37183380126953,70.12586212158203,
e1,nasa,direct,B0007,123,72.0,83.11331176757812,69.8949966430664,
e1,nasa,direct,B0007,123,73.0,82.8712158203125,70.4712905883789,
e1,nasa,direct,B0007,123,74.0,82.62693786621094,70.70777130126953,
e1,nasa,direct,B0007,123,75.0,82.36087036132812,70.00750732421875,
e1,nasa,direct,B0007,123,76.0,81.82068634033203,70.91036224365234,
e1,nasa,direct,B0007,123,77.0,81.81277465820312,70.10539245605469,
e1,nasa,direct,B0007,123,78.0,82.05596160888672,70.44922637939453,
e1,nasa,direct,B0007,123,79.0,81.57850646972656,69.1550064086914,
e1,nasa,direct,B0007,123,80.0,81.06066131591797,70.74773406982422,
e1,nasa,direct,B0007,123,81.0,80.82136535644531,69.85009765625,
e1,nasa,direct,B0007,123,82.0,80.79117584228516,70.74166107177734,
e1,nasa,direct,B0007,123,83.0,80.83621215820312,69.07628631591797,
e1,nasa,direct,B0007,123,84.0,80.54328155517578,68.739013671875,
e1,nasa,direct,B0007,123,85.0,80.03302001953125,69.76969909667969,
e1,nasa,direct,B0007,123,86.0,79.7958755493164,71.46937561035156,
e1,nasa,direct,B0007,123,87.0,79.81089782714844,68.22342681884766,
e1,nasa,direct,B0007,123,88.0,79.79032897949219,68.65058135986328,
e1,nasa,direct,B0007,123,89.0,79.53253936767578,71.3279037475586,
e1,nasa,direct,B0007,123,90.0,84.44105529785156,64.09920501708984,
e1,nasa,direct,B0007,123,91.0,81.29969024658203,68.39756774902344,
e1,nasa,direct,B0007,123,92.0,80.78717041015625,69.77001953125,
e1,nasa,direct,B0007,123,93.0,80.28313446044922,69.65470123291016,
e1,nasa,direct,B0007,123,94.0,79.74873352050781,68.00176239013672,
e1,nasa,direct,B0007,123,95.0,79.52051544189453,68.791748046875,
e1,nasa,direct,B0007,123,96.0,79.26758575439453,68.34835815429688,
e1,nasa,direct,B0007,123,97.0,78.99868774414062,68.03022003173828,
e1,nasa,direct,B0007,123,98.0,78.76092529296875,67.66810607910156,
e1,nasa,direct,B0007,123,99.0,78.48992156982422,67.52091979980469,
e1,nasa,direct,B0007,123,100.0,78.51282501220703,66.44501495361328,
e1,nasa,direct,B0007,123,101.0,78.26249694824219,69.57068634033203,
e1,nasa,direct,B0007,123,102.0,77.98169708251953,68.21373748779297,
e1,nasa,direct,B0007,123,103.0,78.24909973144531,68.70540618896484,
e1,nasa,direct,B0007,123,104.0,78.74897766113281,67.80155181884766,
e1,nasa,direct,B0007,123,105.0,78.26405334472656,69.13333892822266,
e1,nasa,direct,B0007,123,106.0,77.98777770996094,65.8730239868164,
e1,nasa,direct,B0007,123,107.0,77.49488067626953,69.04643249511719,
e1,nasa,direct,B0007,123,108.0,77.19385528564453,66.35139465332031,
e1,nasa,direct,B0007,123,109.0,77.25093841552734,67.75768280029297,
e1,nasa,direct,B0007,123,110.0,77.22969818115234,66.03207397460938,
e1,nasa,direct,B0007,123,111.0,76.7154312133789,66.8313217163086,
e1,nasa,direct,B0007,123,112.0,76.43801879882812,66.56283569335938,
e1,nasa,direct,B0007,123,113.0,76.44630432128906,67.00830841064453,
e1,nasa,direct,B0007,123,114.0,76.45458221435547,68.71578979492188,
e1,nasa,direct,B0007,123,115.0,76.19529724121094,68.05225372314453,
e1,nasa,direct,B0007,123,116.0,75.93338012695312,67.18550872802734,
e1,nasa,direct,B0007,123,117.0,75.68241119384766,67.1058349609375,
e1,nasa,direct,B0007,123,118.0,75.68025207519531,67.28360748291016,
e1,nasa,direct,B0007,123,119.0,75.69734954833984,67.65568542480469,
e1,nasa,direct,B0007,123,120.0,76.697998046875,68.49092102050781,
e1,nasa,direct,B0007,123,121.0,76.95686340332031,64.17361450195312,
e1,nasa,direct,B0007,123,122.0,76.18123626708984,67.27120971679688,
e1,nasa,direct,B0007,123,123.0,75.67906188964844,65.94713592529297,
e1,nasa,direct,B0007,123,124.0,75.38925170898438,65.70558166503906,
e1,nasa,direct,B0007,123,125.0,75.15980529785156,65.71513366699219,
e1,nasa,direct,B0007,123,126.0,74.89110565185547,65.03118896484375,
e1,nasa,direct,B0007,123,127.0,74.64242553710938,64.88478088378906,
e1,nasa,direct,B0007,123,128.0,74.62071990966797,64.59486389160156,
e1,nasa,direct,B0007,123,129.0,74.37413787841797,67.11141967773438,
e1,nasa,direct,B0007,123,130.0,74.12675476074219,66.03827667236328,
e1,nasa,direct,B0007,123,131.0,74.13937377929688,64.69859313964844,
e1,nasa,direct,B0007,123,132.0,73.84855651855469,66.58935546875,
e1,nasa,direct,B0007,123,133.0,74.09507751464844,65.6214370727539,
e1,nasa,direct,B0007,123,134.0,74.90682983398438,64.12796020507812,
e1,nasa,direct,B0007,123,135.0,74.10387420654297,65.1589126586914,
e1,nasa,direct,B0007,123,136.0,73.85577392578125,67.04253387451172,
e1,nasa,direct,B0007,123,137.0,73.60386657714844,67.1456298828125,
e1,nasa,direct,B0007,123,138.0,73.6124038696289,64.36026763916016,
e1,nasa,direct,B0007,123,139.0,73.35053253173828,65.66352081298828,
e1,nasa,direct,B0007,123,140.0,73.08836364746094,65.26329803466797,
e1,nasa,direct,B0007,123,141.0,72.83476257324219,65.90789794921875,
e1,nasa,direct,B0007,123,142.0,72.5677490234375,65.08522033691406,
e1,nasa,direct,B0007,123,143.0,72.58079528808594,65.13021087646484,
e1,nasa,direct,B0007,123,144.0,72.34080505371094,64.12028503417969,
e1,nasa,direct,B0007,123,145.0,72.33785247802734,66.95059204101562,
e1,nasa,direct,B0007,123,146.0,72.06898498535156,66.8853759765625,
e1,nasa,direct,B0007,123,147.0,71.8122787475586,65.05590057373047,
e1,nasa,direct,B0007,123,148.0,71.84077453613281,66.06707763671875,
e1,nasa,direct,B0007,123,149.0,71.81472778320312,66.65301513671875,
e1,nasa,direct,B0007,123,150.0,72.09288024902344,67.75416564941406,
e1,nasa,direct,B0007,123,151.0,73.36032104492188,63.212303161621094,
e1,nasa,direct,B0007,123,152.0,72.59320068359375,65.91664123535156,
e1,nasa,direct,B0007,123,153.0,72.35689544677734,63.48744583129883,
e1,nasa,direct,B0007,123,154.0,72.08953094482422,63.575443267822266,
e1,nasa,direct,B0007,123,155.0,71.58155059814453,63.84820556640625,
e1,nasa,direct,B0007,123,156.0,71.59042358398438,66.65808868408203,
e1,nasa,direct,B0007,123,157.0,71.31281280517578,64.26093292236328,
e1,nasa,direct,B0007,123,158.0,71.30438995361328,63.52428436279297,
e1,nasa,direct,B0007,123,159.0,71.06316375732422,65.87112426757812,
e1,nasa,direct,B0007,123,160.0,70.81636047363281,63.67146682739258,
e1,nasa,direct,B0007,123,161.0,70.82891082763672,66.41796112060547,
e1,nasa,direct,B0007,123,162.0,70.54200744628906,63.879390716552734,
e1,nasa,direct,B0007,123,163.0,70.54975128173828,66.10311126708984,
e1,nasa,direct,B0007,123,164.0,70.3085708618164,64.09332275390625,
e1,nasa,direct,B0007,123,165.0,70.3167953491211,65.99870300292969,
e1,nasa,direct,B0007,123,166.0,70.02275848388672,63.764671325683594,
e1,nasa,direct,B0007,123,167.0,71.08932495117188,66.48905181884766,
e1,nasa,direct,B0007,123,168.0,71.62276458740234,62.87766647338867,
e3,nasa,hipif,B0007,123,1.0,94.5526123046875,97.99658203125,97.99658203125
e3,nasa,hipif,B0007,123,2.0,94.03185272216797,97.0851821899414,97.45755368381364
e3,nasa,hipif,B0007,123,3.0,94.03313446044922,96.2315444946289,96.91628384848075
e3,nasa,hipif,B0007,123,4.0,94.03854370117188,96.182861328125,96.37100350246568
e3,nasa,hipif,B0007,123,5.0,93.97254180908203,96.39844512939453,96.27095031738281
e3,nasa,hipif,B0007,123,6.0,94.03501892089844,93.31649780273438,95.73764425865826
e3,nasa,hipif,B0007,123,7.0,93.99676513671875,93.22052001953125,95.20183606683814
e3,nasa,hipif,B0007,123,8.0,94.075439453125,93.83313751220703,94.66626306904118
e3,nasa,hipif,B0007,123,9.0,93.48454284667969,94.58291625976562,94.5407960679796
e3,nasa,hipif,B0007,123,10.0,93.50261688232422,95.52925109863281,94.5407960679796
e3,nasa,hipif,B0007,123,11.0,93.50221252441406,96.60023498535156,94.5407960679796
e3,nasa,hipif,B0007,123,12.0,92.98259735107422,94.51144409179688,94.5407960679796
e3,nasa,hipif,B0007,123,13.0,92.9537353515625,93.92034912109375,94.5407960679796
e3,nasa,hipif,B0007,123,14.0,92.95042419433594,95.35281372070312,94.5407960679796
e3,nasa,hipif,B0007,123,15.0,92.96810913085938,90.42708587646484,94.01846350505501
e3,nasa,hipif,B0007,123,16.0,92.93677520751953,91.16746520996094,93.49181494682624
e3,nasa,hipif,B0007,123,17.0,92.39086151123047,92.8637924194336,92.95923090083595
e3,nasa,hipif,B0007,123,18.0,92.42626190185547,88.5237045288086,92.4437538122704
e3,nasa,hipif,B0007,123,19.0,92.4189453125,89.63521575927734,91.92089504645591
e3,nasa,hipif,B0007,123,20.0,94.03902435302734,91.95396423339844,91.3786471648024
e3,nasa,hipif,B0007,123,21.0,94.0736083984375,92.82569122314453,90.92092780644687
e3,nasa,hipif,B0007,123,22.0,94.05477142333984,88.234375,90.6086654663086
e3,nasa,hipif,B0007,123,23.0,93.55044555664062,91.33328247070312,90.6086654663086
e3,nasa,hipif,B0007,123,24.0,93.50997924804688,92.25833892822266,90.6086654663086
e3,nasa,hipif,B0007,123,25.0,93.53357696533203,87.66006469726562,90.57926331805906
e3,nasa,hipif,B0007,123,26.0,92.98062133789062,90.3024673461914,90.57926331805906
e3,nasa,hipif,B0007,123,27.0,93.00169372558594,85.9314956665039,90.57926331805906
e3,nasa,hipif,B0007,123,28.0,92.95826721191406,88.13716125488281,90.57926331805906
e3,nasa,hipif,B0007,123,29.0,92.40699005126953,89.46199035644531,90.57926331805906
e3,nasa,hipif,B0007,123,30.0,92.4600830078125,86.55229949951172,90.57926331805906
e3,nasa,hipif,B0007,123,31.0,94.17338562011719,84.04007720947266,90.57926331805906
e3,nasa,hipif,B0007,123,32.0,93.14105224609375,84.67465209960938,89.47557997181553
e3,nasa,hipif,B0007,123,33.0,92.60425567626953,83.8121109008789,88.96878052155049
e3,nasa,hipif,B0007,123,34.0,92.34752655029297,85.28429412841797,88.72217459747625
e3,nasa,hipif,B0007,123,35.0,91.84142303466797,83.7825927734375,88.25606456589131
e3,nasa,hipif,B0007,123,36.0,91.85810089111328,84.82911682128906,88.25606456589131
e3,nasa,hipif,B0007,123,37.0,91.58361053466797,85.1809310913086,87.99448602406977
e3,nasa,hipif,B0007,123,38.0,91.05735778808594,82.80146789550781,87.49194217958043
e3,nasa,hipif,B0007,123,39.0,90.82530212402344,83.60395812988281,87.27129238928954
e3,nasa,hipif,B0007,123,40.0,90.56907653808594,82.49601745605469,87.22572084878344
e3,nasa,hipif,B0007,123,41.0,90.58028411865234,83.56060028076172,87.22572084878344
e3,nasa,hipif,B0007,123,42.0,90.30274200439453,83.09044647216797,87.22572084878344
e3,nasa,hipif,B0007,123,43.0,90.66020965576172,83.39315032958984,87.22572084878344
e3,nasa,hipif,B0007,123,44.0,90.3132095336914,82.5655517578125,87.22572084878344
e3,nasa,hipif,B0007,123,45.0,89.79154968261719,82.84521484375,87.22572084878344
e3,nasa,hipif,B0007,123,46.0,89.29426574707031,80.38457489013672,87.22572084878344
e3,nasa,hipif,B0007,123,47.0,89.01634216308594,81.2243881225586,87.22572084878344
e3,nasa,hipif,B0007,123,48.0,90.7537841796875,80.1811294555664,87.22572084878344
e3,nasa,hipif,B0007,123,49.0,90.78512573242188,78.56828308105469,87.22572084878344
e3,nasa,hipif,B0007,123,50.0,90.01216125488281,78.29263305664062,86.49138972542401
e3,nasa,hipif,B0007,123,51.0,89.52238464355469,78.67462158203125,86.02077026669986
e3,nasa,hipif,B0007,123,52.0,89.01715087890625,78.3132553100586,85.66741593019185
e3,nasa,hipif,B0007,123,53.0,88.76644134521484,79.07431030273438,85.42795108136018
e3,nasa,hipif,B0007,123,54.0,88.51314544677734,79.04566192626953,85.18714098537649
e3,nasa,hipif,B0007,123,55.0,88.0040512084961,77.78604125976562,84.70155115733836
e3,nasa,hipif,B0007,123,56.0,87.48237609863281,79.85077667236328,84.46112634408463
e3,nasa,hipif,B0007,123,57.0,87.48250579833984,78.69734191894531,84.20859592583153
e3,nasa,hipif,B0007,123,58.0,87.25143432617188,78.73165893554688,83.98864201467845
e3,nasa,hipif,B0007,123,59.0,86.98228454589844,77.38778686523438,83.72905358237563
e3,nasa,hipif,B0007,123,60.0,86.42821502685547,78.61260986328125,83.45644232814071
e3,nasa,hipif,B0007,123,61.0,86.19501495361328,75.81193542480469,82.98173567375693
e3,nasa,hipif,B0007,123,62.0,85.69894409179688,77.76813507080078,82.76349198717969
e3,nasa,hipif,B0007,123,63.0,85.6985092163086,75.57218170166016,82.5087310291394
e3,nasa,hipif,B0007,123,64.0,85.18260955810547,77.1800765991211,82.27508479496791
e3,nasa,hipif,B0007,123,65.0,85.20068359375,75.48377227783203,82.03555987677133
e3,nasa,hipif,B0007,123,66.0,84.67858123779297,73.50328063964844,81.56807900546238
e3,nasa,hipif,B0007,123,67.0,84.38288879394531,73.52632141113281,81.56807900546238
e3,nasa,hipif,B0007,123,68.0,84.15372467041016,72.96485900878906,81.56807900546238
e3,nasa,hipif,B0007,123,69.0,83.89634704589844,72.54402923583984,81.56807900546238
e3,nasa,hipif,B0007,123,70.0,83.6603012084961,72.47837829589844,81.56807900546238
e3,nasa,hipif,B0007,123,71.0,83.37183380126953,72.1313705444336,81.56807900546238
e3,nasa,hipif,B0007,123,72.0,83.11331176757812,71.73666381835938,81.56807900546238
e3,nasa,hipif,B0007,123,73.0,82.8712158203125,72.28194427490234,81.56807900546238
e3,nasa,hipif,B0007,123,74.0,82.62693786621094,72.46024322509766,81.56807900546238
e3,nasa,hipif,B0007,123,75.0,82.36087036132812,71.54774475097656,81.56807900546238
e3,nasa,hipif,B0007,123,76.0,81.82068634033203,72.44108581542969,81.56807900546238
e3,nasa,hipif,B0007,123,77.0,81.81277465820312,71.32022857666016,81.56807900546238
e3,nasa,hipif,B0007,123,78.0,82.05596160888672,71.68477630615234,81.56807900546238
e3,nasa,hipif,B0007,123,79.0,81.57850646972656,70.15609741210938,81.56807900546238
e3,nasa,hipif,B0007,123,80.0,81.06066131591797,71.85945892333984,81.56807900546238
e3,nasa,hipif,B0007,123,81.0,80.82136535644531,70.73406982421875,81.56807900546238
e3,nasa,hipif,B0007,123,82.0,80.79117584228516,71.68631744384766,81.56807900546238
e3,nasa,hipif,B0007,123,83.0,80.83621215820312,69.68670654296875,81.56807900546238
e3,nasa,hipif,B0007,123,84.0,80.54328155517578,69.19766998291016,81.56807900546238
e3,nasa,hipif,B0007,123,85.0,80.03302001953125,70.27352905273438,81.56807900546238
e3,nasa,hipif,B0007,123,86.0,79.7958755493164,72.05374908447266,81.56807900546238
e3,nasa,hipif,B0007,123,87.0,79.81089782714844,68.28582000732422,81.56807900546238
e3,nasa,hipif,B0007,123,88.0,79.79032897949219,68.7257080078125,81.56807900546238
e3,nasa,hipif,B0007,123,89.0,79.53253936767578,71.5721206665039,81.56807900546238
e3,nasa,hipif,B0007,123,90.0,84.44105529785156,64.06806945800781,81.56807900546238
e3,nasa,hipif,B0007,123,91.0,81.29969024658203,68.26115417480469,78.57541010610346
e3,nasa,hipif,B0007,123,92.0,80.78717041015625,69.62467956542969,78.08415717253172
e3,nasa,hipif,B0007,123,93.0,80.28313446044922,69.48818969726562,77.60370549895481
e3,nasa,hipif,B0007,123,94.0,79.74873352050781,67.65235900878906,77.09485472414953
e3,nasa,hipif,B0007,123,95.0,79.52051544189453,68.45112609863281,76.87949807608729
e3,nasa,hipif,B0007,123,96.0,79.26758575439453,67.88632202148438,76.63956900671816
e3,nasa,hipif,B0007,123,97.0,78.99868774414062,67.45489501953125,76.38258363497842
e3,nasa,hipif,B0007,123,98.0,78.76092529296875,67.0113296508789,76.15711023376765
e3,nasa,hipif,B0007,123,99.0,78.48992156982422,66.84967041015625,76.14638414620735
e3,nasa,hipif,B0007,123,100.0,78.51282501220703,65.80470275878906,76.14638414620735
e3,nasa,hipif,B0007,123,101.0,78.26249694824219,68.90641784667969,76.14638414620735
e3,nasa,hipif,B0007,123,102.0,77.98169708251953,67.38629913330078,76.14638414620735
e3,nasa,hipif,B0007,123,103.0,78.24909973144531,68.10250854492188,76.14638414620735
e3,nasa,hipif,B0007,123,104.0,78.74897766113281,66.79462432861328,76.14638414620735
e3,nasa,hipif,B0007,123,105.0,78.26405334472656,68.16475677490234,75.68388568188155
e3,nasa,hipif,B0007,123,106.0,77.98777770996094,65.15211486816406,75.16758739196604
e3,nasa,hipif,B0007,123,107.0,77.49488067626953,68.12274169921875,74.95245838719538
e3,nasa,hipif,B0007,123,108.0,77.19385528564453,65.5260238647461,74.71962897434925
e3,nasa,hipif,B0007,123,109.0,77.25093841552734,66.77232360839844,74.71962897434925
e3,nasa,hipif,B0007,123,110.0,77.22969818115234,65.22028350830078,74.44256983724557
e3,nasa,hipif,B0007,123,111.0,76.7154312133789,65.85709381103516,74.20661384704356
e3,nasa,hipif,B0007,123,112.0,76.43801879882812,65.60568237304688,74.19287628502255
e3,nasa,hipif,B0007,123,113.0,76.44630432128906,65.93434143066406,74.19287628502255
e3,nasa,hipif,B0007,123,114.0,76.45458221435547,67.5111312866211,74.19287628502255
e3,nasa,hipif,B0007,123,115.0,76.19529724121094,66.92048645019531,74.19287628502255
e3,nasa,hipif,B0007,123,116.0,75.93338012695312,66.05215454101562,74.19287628502255
e3,nasa,hipif,B0007,123,117.0,75.68241119384766,65.9684829711914,74.19287628502255
e3,nasa,hipif,B0007,123,118.0,75.68025207519531,66.08595275878906,74.19287628502255
e3,nasa,hipif,B0007,123,119.0,75.69734954833984,66.38642883300781,74.19287628502255
e3,nasa,hipif,B0007,123,120.0,76.697998046875,67.49903869628906,74.19287628502255
e3,nasa,hipif,B0007,123,121.0,76.95686340332031,64.13763427734375,74.18555388561519
e3,nasa,hipif,B0007,123,122.0,76.18123626708984,65.97920227050781,73.70326236789954
e3,nasa,hipif,B0007,123,123.0,75.67906188964844,64.94452667236328,73.2241052174868
e3,nasa,hipif,B0007,123,124.0,75.38925170898438,64.7828598022461,72.94416345164458
e3,nasa,hipif,B0007,123,125.0,75.15980529785156,64.76067352294922,72.72610343351514
e3,nasa,hipif,B0007,123,126.0,74.89110565185547,64.40008544921875,72.47199092659108
e3,nasa,hipif,B0007,123,127.0,74.64242553710938,64.34732055664062,72.23457066442948
e3,nasa,hipif,B0007,123,128.0,74.62071990966797,64.25694274902344,72.23194640273881
e3,nasa,hipif,B0007,123,129.0,74.37413787841797,65.75904846191406,72.23194640273881
e3,nasa,hipif,B0007,123,130.0,74.12675476074219,64.95455932617188,72.23194640273881
e3,nasa,hipif,B0007,123,131.0,74.13937377929688,64.31816864013672,72.23194640273881
e3,nasa,hipif,B0007,123,132.0,73.84855651855469,65.30528259277344,72.23194640273881
e3,nasa,hipif,B0007,123,133.0,74.09507751464844,64.7537612915039,72.23194640273881
e3,nasa,hipif,B0007,123,134.0,74.90682983398438,64.19597625732422,72.23194640273881
e3,nasa,hipif,B0007,123,135.0,74.10387420654297,64.48551940917969,71.720451022993
e3,nasa,hipif,B0007,123,136.0,73.85577392578125,65.60578155517578,71.48762028542164
e3,nasa,hipif,B0007,123,137.0,73.60386657714844,65.6867904663086,71.24675276565026
e3,nasa,hipif,B0007,123,138.0,73.6124038696289,64.26573944091797,71.00827044800951
e3,nasa,hipif,B0007,123,139.0,73.35053253173828,64.6698989868164,71.00827044800951
e3,nasa,hipif,B0007,123,140.0,73.08836364746094,64.54083251953125,70.76277155131604
e3,nasa,hipif,B0007,123,141.0,72.83476257324219,64.82096862792969,70.76277155131604
e3,nasa,hipif,B0007,123,142.0,72.5677490234375,64.50147247314453,70.76277155131604
e3,nasa,hipif,B0007,123,143.0,72.58079528808594,64.51910400390625,70.76277155131604
e3,nasa,hipif,B0007,123,144.0,72.34080505371094,64.22499084472656,70.76277155131604
e3,nasa,hipif,B0007,123,145.0,72.33785247802734,65.4526138305664,70.76277155131604
e3,nasa,hipif,B0007,123,146.0,72.06898498535156,65.41354370117188,70.76277155131604
e3,nasa,hipif,B0007,123,147.0,71.8122787475586,64.52088165283203,70.76277155131604
e3,nasa,hipif,B0007,123,148.0,71.84077453613281,64.86795043945312,70.76277155131604
e3,nasa,hipif,B0007,123,149.0,71.81472778320312,65.24163055419922,70.76277155131604
e3,nasa,hipif,B0007,123,150.0,72.09288024902344,66.23885345458984,70.76277155131604
e3,nasa,hipif,B0007,123,151.0,73.36032104492188,64.1919174194336,70.76277155131604
e3,nasa,hipif,B0007,123,152.0,72.59320068359375,64.83208465576172,70.28286876772947
e3,nasa,hipif,B0007,123,153.0,72.35689544677734,64.2237548828125,69.80863579894877
e3,nasa,hipif,B0007,123,154.0,72.08953094482422,64.23420715332031,69.55095525655776
e3,nasa,hipif,B0007,123,155.0,71.58155059814453,64.2911148071289,69.35942950796195
e3,nasa,hipif,B0007,123,156.0,71.59042358398438,65.22532653808594,69.35942950796195
e3,nasa,hipif,B0007,123,157.0,71.31281280517578,64.38864135742188,69.35942950796195
e3,nasa,hipif,B0007,123,158.0,71.30438995361328,64.24739074707031,69.35942950796195
e3,nasa,hipif,B0007,123,159.0,71.06316375732422,64.83250427246094,69.35942950796195
e3,nasa,hipif,B0007,123,160.0,70.81636047363281,64.30288696289062,69.35942950796195
e3,nasa,hipif,B0007,123,161.0,70.82891082763672,65.06962585449219,69.35942950796195
e3,nasa,hipif,B0007,123,162.0,70.54200744628906,64.35794067382812,69.35942950796195
e3,nasa,hipif,B0007,123,163.0,70.54975128173828,64.91544342041016,69.35942950796195
e3,nasa,hipif,B0007,123,164.0,70.3085708618164,64.423095703125,69.35942950796195
e3,nasa,hipif,B0007,123,165.0,70.3167953491211,64.90159606933594,69.35942950796195
e3,nasa,hipif,B0007,123,166.0,70.02275848388672,64.35841369628906,69.35942950796195
e3,nasa,hipif,B0007,123,167.0,71.08932495117188,65.21101379394531,69.35942950796195
e3,nasa,hipif,B0007,123,168.0,71.62276458740234,64.29618072509766,69.35942950796195
e1,nasa,direct,B0018,123,1.0,92.75022888183594,96.83525848388672,
e1,nasa,direct,B0018,123,2.0,92.15977478027344,95.34794616699219,
e1,nasa,direct,B0018,123,3.0,91.98009490966797,94.2303466796875,
e1,nasa,direct,B0018,123,4.0,91.53368377685547,93.24036407470703,
e1,nasa,direct,B0018,123,5.0,91.635009765625,92.5721435546875,
e1,nasa,direct,B0018,123,6.0,91.42644500732422,92.1734619140625,
e1,nasa,direct,B0018,123,7.0,91.06005859375,90.81900787353516,
e1,nasa,direct,B0018,123,8.0,90.75849914550781,90.76889038085938,
e1,nasa,direct,B0018,123,9.0,90.21490478515625,90.57990264892578,
e1,nasa,direct,B0018,123,10.0,91.15501403808594,90.49018859863281,
e1,nasa,direct,B0018,123,11.0,90.60626983642578,90.1530990600586,
e1,nasa,direct,B0018,123,12.0,90.23458099365234,89.58338165283203,
e1,nasa,direct,B0018,123,13.0,89.54222106933594,88.76862335205078,
e1,nasa,direct,B0018,123,14.0,89.17353820800781,88.50697326660156,
e1,nasa,direct,B0018,123,15.0,89.04692840576172,88.47503662109375,
e1,nasa,direct,B0018,123,16.0,88.56045532226562,88.09292602539062,
e1,nasa,direct,B0018,123,17.0,88.4315185546875,87.13442993164062,
e1,nasa,direct,B0018,123,18.0,87.68152618408203,86.04074096679688,
e1,nasa,direct,B0018,123,19.0,87.31098937988281,86.15342712402344,
e1,nasa,direct,B0018,123,20.0,86.88323974609375,86.17976379394531,
e1,nasa,direct,B0018,123,21.0,86.57583618164062,84.7117691040039,
e1,nasa,direct,B0018,123,22.0,85.42974853515625,85.49126434326172,
e1,nasa,direct,B0018,123,23.0,85.57350158691406,84.13444519042969,
e1,nasa,direct,B0018,123,24.0,85.37510681152344,83.2820053100586,
e1,nasa,direct,B0018,123,25.0,87.4619140625,83.05732727050781,
e1,nasa,direct,B0018,123,26.0,86.63848876953125,83.65505981445312,
e1,nasa,direct,B0018,123,27.0,86.11156463623047,81.4739761352539,
e1,nasa,direct,B0018,123,28.0,85.59231567382812,81.53791809082031,
e1,nasa,direct,B0018,123,29.0,84.96339416503906,82.68375396728516,
e1,nasa,direct,B0018,123,30.0,84.70183563232422,80.63575744628906,
e1,nasa,direct,B0018,123,31.0,84.09513854980469,80.21560668945312,
e1,nasa,direct,B0018,123,32.0,83.8488540649414,80.67854309082031,
e1,nasa,direct,B0018,123,33.0,83.2761459350586,80.37059020996094,
e1,nasa,direct,B0018,123,34.0,82.859619140625,80.23240661621094,
e1,nasa,direct,B0018,123,35.0,82.41120910644531,79.76596069335938,
e1,nasa,direct,B0018,123,36.0,81.93850708007812,80.80220031738281,
e1,nasa,direct,B0018,123,37.0,81.38243103027344,78.00611114501953,
e1,nasa,direct,B0018,123,38.0,81.1076889038086,79.78994750976562,
e1,nasa,direct,B0018,123,39.0,80.70033264160156,79.9185791015625,
e1,nasa,direct,B0018,123,40.0,83.80258178710938,78.25208282470703,
e1,nasa,direct,B0018,123,41.0,82.46503448486328,75.47502899169922,
e1,nasa,direct,B0018,123,42.0,81.61914825439453,77.14234161376953,
e1,nasa,direct,B0018,123,43.0,80.82080078125,77.30419921875,
e1,nasa,direct,B0018,123,44.0,80.5451431274414,75.04161071777344,
e1,nasa,direct,B0018,123,45.0,79.773193359375,75.50479888916016,
e1,nasa,direct,B0018,123,46.0,86.33537292480469,74.28559875488281,
e1,nasa,direct,B0018,123,47.0,85.828369140625,73.2158203125,
e1,nasa,direct,B0018,123,48.0,84.79117584228516,72.32786560058594,
e1,nasa,direct,B0018,123,49.0,83.888916015625,72.8016586303711,
e1,nasa,direct,B0018,123,50.0,83.0329360961914,72.74944305419922,
e1,nasa,direct,B0018,123,51.0,83.32054901123047,71.00605773925781,
e1,nasa,direct,B0018,123,52.0,82.34168243408203,73.69611358642578,
e1,nasa,direct,B0018,123,53.0,81.28820037841797,70.58486938476562,
e1,nasa,direct,B0018,123,54.0,80.6078872680664,73.49247741699219,
e1,nasa,direct,B0018,123,55.0,80.28683471679688,71.7543716430664,
e1,nasa,direct,B0018,123,56.0,83.68226623535156,68.7893295288086,
e1,nasa,direct,B0018,123,57.0,82.02174377441406,69.01972198486328,
e1,nasa,direct,B0018,123,58.0,80.66326904296875,71.0700454711914,
e1,nasa,direct,B0018,123,59.0,79.60482025146484,71.36312866210938,
e1,nasa,direct,B0018,123,60.0,79.33006286621094,69.3163070678711,
e1,nasa,direct,B0018,123,61.0,79.00382995605469,68.68606567382812,
e1,nasa,direct,B0018,123,62.0,78.20866394042969,70.50957489013672,
e1,nasa,direct,B0018,123,63.0,77.78091430664062,68.46216583251953,
e1,nasa,direct,B0018,123,64.0,77.01022338867188,69.43171691894531,
e1,nasa,direct,B0018,123,65.0,76.60806274414062,69.52705383300781,
e1,nasa,direct,B0018,123,66.0,76.58116149902344,69.42127227783203,
e1,nasa,direct,B0018,123,67.0,76.11297607421875,67.20744323730469,
e1,nasa,direct,B0018,123,68.0,75.32633209228516,70.31270599365234,
e1,nasa,direct,B0018,123,69.0,75.07109832763672,70.00518798828125,
e1,nasa,direct,B0018,123,70.0,74.81767272949219,71.02023315429688,
e1,nasa,direct,B0018,123,71.0,76.67131042480469,68.2676010131836,
e1,nasa,direct,B0018,123,72.0,76.1922607421875,66.4112548828125,
e1,nasa,direct,B0018,123,73.0,75.05960845947266,70.25543212890625,
e1,nasa,direct,B0018,123,74.0,74.62088012695312,67.86038970947266,
e1,nasa,direct,B0018,123,75.0,74.16619110107422,67.30619049072266,
e1,nasa,direct,B0018,123,76.0,74.03688049316406,67.19712829589844,
e1,nasa,direct,B0018,123,77.0,73.6753921508789,65.52094268798828,
e1,nasa,direct,B0018,123,78.0,73.40096282958984,68.52993774414062,
e1,nasa,direct,B0018,123,79.0,72.90461730957031,68.9882583618164,
e1,nasa,direct,B0018,123,80.0,72.39330291748047,68.89983367919922,
e1,nasa,direct,B0018,123,81.0,72.63904571533203,66.39908599853516,
e1,nasa,direct,B0018,123,82.0,72.12678527832031,65.30923461914062,
e1,nasa,direct,B0018,123,83.0,71.96356201171875,64.81473541259766,
e1,nasa,direct,B0018,123,84.0,71.43238067626953,66.13079071044922,
e1,nasa,direct,B0018,123,85.0,71.24513244628906,64.50059509277344,
e1,nasa,direct,B0018,123,86.0,73.4905776977539,67.29541015625,
e1,nasa,direct,B0018,123,87.0,72.62909698486328,67.607177734375,
e1,nasa,direct,B0018,123,88.0,72.14170837402344,65.06712341308594,
e1,nasa,direct,B0018,123,89.0,71.4188003540039,68.8798599243164,
e1,nasa,direct,B0018,123,90.0,70.77273559570312,64.15375518798828,
e1,nasa,direct,B0018,123,91.0,72.72883605957031,64.14653778076172,
e1,nasa,direct,B0018,123,92.0,71.41590118408203,66.7076416015625,
e1,nasa,direct,B0018,123,93.0,70.98513793945312,66.69432830810547,
e1,nasa,direct,B0018,123,94.0,70.77803039550781,66.84871673583984,
e1,nasa,direct,B0018,123,95.0,70.28400421142578,68.1938705444336,
e1,nasa,direct,B0018,123,96.0,70.42230224609375,67.24313354492188,
e1,nasa,direct,B0018,123,97.0,69.84273529052734,66.79801940917969,
e1,nasa,direct,B0018,123,98.0,69.67835235595703,63.723533630371094,
e1,nasa,direct,B0018,123,99.0,69.46822357177734,63.53386688232422,
e1,nasa,direct,B0018,123,100.0,68.92826080322266,64.98779296875,
e1,nasa,direct,B0018,123,101.0,69.24505615234375,63.232444763183594,
e1,nasa,direct,B0018,123,102.0,68.5162582397461,67.15585327148438,
e1,nasa,direct,B0018,123,103.0,68.66732025146484,63.867671966552734,
e1,nasa,direct,B0018,123,104.0,68.3974380493164,63.35634994506836,
e1,nasa,direct,B0018,123,105.0,67.83570861816406,65.90608978271484,
e1,nasa,direct,B0018,123,106.0,73.02155303955078,62.593597412109375,
e1,nasa,direct,B0018,123,107.0,72.50499725341797,63.41987228393555,
e1,nasa,direct,B0018,123,108.0,71.90703582763672,62.98143005371094,
e1,nasa,direct,B0018,123,109.0,71.41841125488281,62.992576599121094,
e1,nasa,direct,B0018,123,110.0,70.73937225341797,62.60187911987305,
e1,nasa,direct,B0018,123,111.0,70.6944580078125,63.33985900878906,
e1,nasa,direct,B0018,123,112.0,69.9466552734375,62.46287536621094,
e1,nasa,direct,B0018,123,113.0,69.76660919189453,64.81097412109375,
e1,nasa,direct,B0018,123,114.0,69.50230407714844,64.26518249511719,
e1,nasa,direct,B0018,123,115.0,69.30136108398438,62.727088928222656,
e1,nasa,direct,B0018,123,116.0,69.4107666015625,64.75308990478516,
e1,nasa,direct,B0018,123,117.0,68.80913543701172,62.636024475097656,
e1,nasa,direct,B0018,123,118.0,68.23584747314453,64.94894409179688,
e1,nasa,direct,B0018,123,119.0,67.94927215576172,64.63745880126953,
e1,nasa,direct,B0018,123,120.0,67.3115463256836,64.42044830322266,
e1,nasa,direct,B0018,123,121.0,71.3421401977539,62.09653854370117,
e1,nasa,direct,B0018,123,122.0,70.3224105834961,62.71464538574219,
e1,nasa,direct,B0018,123,123.0,69.6745376586914,64.36892700195312,
e1,nasa,direct,B0018,123,124.0,69.41246795654297,62.17967987060547,
e1,nasa,direct,B0018,123,125.0,68.50939178466797,63.521583557128906,
e1,nasa,direct,B0018,123,126.0,68.98475646972656,62.260406494140625,
e1,nasa,direct,B0018,123,127.0,68.43292999267578,65.21503448486328,
e1,nasa,direct,B0018,123,128.0,68.13685607910156,64.18877410888672,
e1,nasa,direct,B0018,123,129.0,68.17025756835938,61.70601272583008,
e1,nasa,direct,B0018,123,130.0,67.59323120117188,63.47733688354492,
e1,nasa,direct,B0018,123,131.0,67.7398452758789,65.65691375732422,
e1,nasa,direct,B0018,123,132.0,67.05257415771484,63.73311233520508,
e3,nasa,hipif,B0018,123,1.0,92.75022888183594,97.11549377441406,97.11549377441406
e3,nasa,hipif,B0018,123,2.0,92.15977478027344,95.80433654785156,96.59745324570261
e3,nasa,hipif,B0018,123,3.0,91.98009490966797,94.82305908203125,96.0809948196512
e3,nasa,hipif,B0018,123,4.0,91.53368377685547,93.7537841796875,95.5649074986676
e3,nasa,hipif,B0018,123,5.0,91.635009765625,93.07022094726562,95.04999775327275
e3,nasa,hipif,B0018,123,6.0,91.42644500732422,92.6324691772461,94.53572478737823
e3,nasa,hipif,B0018,123,7.0,91.06005859375,91.36984252929688,94.0298179512897
e3,nasa,hipif,B0018,123,8.0,90.75849914550781,91.35301208496094,93.52001776627895
e3,nasa,hipif,B0018,123,9.0,90.21490478515625,91.21293640136719,93.00899926029483
e3,nasa,hipif,B0018,123,10.0,91.15501403808594,91.239013671875,92.49575751708674
e3,nasa,hipif,B0018,123,11.0,90.60626983642578,90.96286010742188,91.98420570252762
e3,nasa,hipif,B0018,123,12.0,90.23458099365234,90.4593276977539,91.4757983701793
e3,nasa,hipif,B0018,123,13.0,89.54222106933594,89.69248962402344,90.9719541333671
e3,nasa,hipif,B0018,123,14.0,89.17353820800781,89.64125061035156,90.46639516078136
e3,nasa,hipif,B0018,123,15.0,89.04692840576172,90.32272338867188,89.9961929321289
e3,nasa,hipif,B0018,123,16.0,88.56045532226562,90.32830810546875,89.9961929321289
e3,nasa,hipif,B0018,123,17.0,88.4315185546875,89.656494140625,89.656494140625
e3,nasa,hipif,B0018,123,18.0,87.68152618408203,88.58885955810547,89.15338873303051
e3,nasa,hipif,B0018,123,19.0,87.31098937988281,88.87883758544922,88.83533732096355
e3,nasa,hipif,B0018,123,20.0,86.88323974609375,89.03831481933594,88.83533732096355
e3,nasa,hipif,B0018,123,21.0,86.57583618164062,87.65092468261719,88.32633415343463
e3,nasa,hipif,B0018,123,22.0,85.42974853515625,88.368896484375,88.0099105834961
e3,nasa,hipif,B0018,123,23.0,85.57350158691406,87.1064224243164,87.4996102095418
e3,nasa,hipif,B0018,123,24.0,85.37510681152344,86.30438232421875,86.99202761969154
e3,nasa,hipif,B0018,123,25.0,87.4619140625,86.27030181884766,86.48114075781572
e3,nasa,hipif,B0018,123,26.0,86.63848876953125,86.7701416015625,86.44827524820964
e3,nasa,hipif,B0018,123,27.0,86.11156463623047,83.95990753173828,85.9460375877886
e3,nasa,hipif,B0018,123,28.0,85.59231567382812,83.99321746826172,85.44095771925139
e3,nasa,hipif,B0018,123,29.0,84.96339416503906,85.57421112060547,84.92472465642479
e3,nasa,hipif,B0018,123,30.0,84.70183563232422,82.58383178710938,84.41998911684581
e3,nasa,hipif,B0018,123,31.0,84.09513854980469,81.93002319335938,83.91631802982434
e3,nasa,hipif,B0018,123,32.0,83.8488540649414,82.48873138427734,83.40690358463114
e3,nasa,hipif,B0018,123,33.0,83.2761459350586,82.08944702148438,82.96749510750773
e3,nasa,hipif,B0018,123,34.0,82.859619140625,81.89974975585938,82.96749510750773
e3,nasa,hipif,B0018,123,35.0,82.41120910644531,81.08599853515625,82.96749510750773
e3,nasa,hipif,B0018,123,36.0,81.93850708007812,82.40254211425781,82.96749510750773
e3,nasa,hipif,B0018,123,37.0,81.38243103027344,79.09161376953125,82.96749510750773
e3,nasa,hipif,B0018,123,38.0,81.1076889038086,80.93037414550781,82.96749510750773
e3,nasa,hipif,B0018,123,39.0,80.70033264160156,81.17214965820312,82.96749510750773
e3,nasa,hipif,B0018,123,40.0,83.80258178710938,78.90765380859375,82.96749510750773
e3,nasa,hipif,B0018,123,41.0,82.46503448486328,76.36082458496094,82.96749510750773
e3,nasa,hipif,B0018,123,42.0,81.61914825439453,77.73527526855469,82.96749510750773
e3,nasa,hipif,B0018,123,43.0,80.82080078125,77.82858276367188,82.96749510750773
e3,nasa,hipif,B0018,123,44.0,80.5451431274414,75.67227172851562,82.96749510750773
e3,nasa,hipif,B0018,123,45.0,79.773193359375,75.98980712890625,82.96749510750773
e3,nasa,hipif,B0018,123,46.0,86.33537292480469,74.55003356933594,82.96749510750773
e3,nasa,hipif,B0018,123,47.0,85.828369140625,73.58281707763672,82.19315177642771
e3,nasa,hipif,B0018,123,48.0,84.79117584228516,72.74977111816406,81.20698238951262
e3,nasa,hipif,B0018,123,49.0,83.888916015625,73.08504486083984,80.34844863065113
e3,nasa,hipif,B0018,123,50.0,83.0329360961914,73.00920867919922,80.16466658181723
e3,nasa,hipif,B0018,123,51.0,83.32054901123047,71.44725036621094,80.16466658181723
e3,nasa,hipif,B0018,123,52.0,82.34168243408203,73.61067962646484,80.16466658181723
e3,nasa,hipif,B0018,123,53.0,81.28820037841797,71.02193450927734,80.16466658181723
e3,nasa,hipif,B0018,123,54.0,80.6078872680664,73.33659362792969,80.16466658181723
e3,nasa,hipif,B0018,123,55.0,80.28683471679688,71.85713958740234,80.16466658181723
e3,nasa,hipif,B0018,123,56.0,83.68226623535156,68.86995697021484,80.16466658181723
e3,nasa,hipif,B0018,123,57.0,82.02174377441406,69.05699157714844,78.58464367493163
e3,nasa,hipif,B0018,123,58.0,80.66326904296875,70.94515991210938,77.59838128038366
e3,nasa,hipif,B0018,123,59.0,79.60482025146484,71.23004150390625,76.59085889105985
e3,nasa,hipif,B0018,123,60.0,79.33006286621094,69.28944396972656,76.0246855078539
e3,nasa,hipif,B0018,123,61.0,79.00382995605469,68.5200424194336,75.71342608849758
e3,nasa,hipif,B0018,123,62.0,78.20866394042969,70.3028564453125,75.27193862869147
e3,nasa,hipif,B0018,123,63.0,77.78091430664062,68.20845794677734,74.55448850463007
e3,nasa,hipif,B0018,123,64.0,77.01022338867188,69.07904815673828,74.1345043775993
e3,nasa,hipif,B0018,123,65.0,76.60806274414062,69.17745971679688,73.83556249691014
e3,nasa,hipif,B0018,123,66.0,76.58116149902344,68.98030853271484,73.83556249691014
e3,nasa,hipif,B0018,123,67.0,76.11297607421875,66.73351287841797,73.83556249691014
e3,nasa,hipif,B0018,123,68.0,75.32633209228516,69.8868637084961,73.83556249691014
e3,nasa,hipif,B0018,123,69.0,75.07109832763672,69.4880142211914,73.83556249691014
e3,nasa,hipif,B0018,123,70.0,74.81767272949219,70.59091186523438,73.83556249691014
e3,nasa,hipif,B0018,123,71.0,76.67131042480469,67.5399398803711,73.83556249691014
e3,nasa,hipif,B0018,123,72.0,76.1922607421875,65.74979400634766,73.05333589910244
e3,nasa,hipif,B0018,123,73.0,75.05960845947266,69.70047760009766,72.29839763100868
e3,nasa,hipif,B0018,123,74.0,74.62088012695312,66.89366912841797,71.87898072312956
e3,nasa,hipif,B0018,123,75.0,74.16619110107422,66.29130554199219,71.44890185838752
e3,nasa,hipif,B0018,123,76.0,74.03688049316406,66.15145874023438,71.32979664422777
e3,nasa,hipif,B0018,123,77.0,73.6753921508789,65.02053833007812,70.83025033834103
e3,nasa,hipif,B0018,123,78.0,73.40096282958984,67.41072845458984,70.83025033834103
e3,nasa,hipif,B0018,123,79.0,72.90461730957031,67.87666320800781,70.83025033834103
e3,nasa,hipif,B0018,123,80.0,72.39330291748047,67.80872344970703,70.83025033834103
e3,nasa,hipif,B0018,123,81.0,72.63904571533203,65.51451873779297,70.83025033834103
e3,nasa,hipif,B0018,123,82.0,72.12678527832031,64.86628723144531,70.83025033834103
e3,nasa,hipif,B0018,123,83.0,71.96356201171875,64.58528137207031,70.83025033834103
e3,nasa,hipif,B0018,123,84.0,71.43238067626953,65.31500244140625,70.83025033834103
e3,nasa,hipif,B0018,123,85.0,71.24513244628906,64.37733459472656,70.83025033834103
e3,nasa,hipif,B0018,123,86.0,73.4905776977539,66.03163146972656,70.83025033834103
e3,nasa,hipif,B0018,123,87.0,72.62909698486328,66.27098083496094,70.07519935060613
e3,nasa,hipif,B0018,123,88.0,72.14170837402344,64.74176025390625,70.07519935060613
e3,nasa,hipif,B0018,123,89.0,71.4188003540039,67.41009521484375,70.07519935060613
e3,nasa,hipif,B0018,123,90.0,70.77273559570312,64.1922378540039,70.07519935060613
e3,nasa,hipif,B0018,123,91.0,72.72883605957031,64.25443267822266,70.07519935060613
e3,nasa,hipif,B0018,123,92.0,71.41590118408203,65.62739562988281,70.07519935060613
e3,nasa,hipif,B0018,123,93.0,70.98513793945312,65.62659454345703,70.07519935060613
e3,nasa,hipif,B0018,123,94.0,70.77803039550781,65.73045349121094,70.07519935060613
e3,nasa,hipif,B0018,123,95.0,70.28400421142578,66.7219009399414,70.07519935060613
e3,nasa,hipif,B0018,123,96.0,70.42230224609375,66.02619171142578,70.07519935060613
e3,nasa,hipif,B0018,123,97.0,69.84273529052734,65.74640655517578,70.07519935060613
e3,nasa,hipif,B0018,123,98.0,69.67835235595703,64.06742858886719,70.07519935060613
e3,nasa,hipif,B0018,123,99.0,69.46822357177734,63.99456024169922,70.07519935060613
e3,nasa,hipif,B0018,123,100.0,68.92826080322266,64.73737335205078,70.07519935060613
e3,nasa,hipif,B0018,123,101.0,69.24505615234375,63.867218017578125,70.07519935060613
e3,nasa,hipif,B0018,123,102.0,68.5162582397461,65.98409271240234,70.07519935060613
e3,nasa,hipif,B0018,123,103.0,68.66732025146484,64.17688751220703,70.07519935060613
e3,nasa,hipif,B0018,123,104.0,68.3974380493164,63.94658279418945,70.07519935060613
e3,nasa,hipif,B0018,123,105.0,67.83570861816406,65.29381561279297,70.07519935060613
e3,nasa,hipif,B0018,123,106.0,73.02155303955078,63.573585510253906,70.07519935060613
e3,nasa,hipif,B0018,123,107.0,72.50499725341797,63.977088928222656,69.58501518571491
e3,nasa,hipif,B0018,123,108.0,71.90703582763672,63.74408721923828,69.01560545379347
e3,nasa,hipif,B0018,123,109.0,71.41841125488281,63.756534576416016,68.58409377402229
e3,nasa,hipif,B0018,123,110.0,70.73937225341797,63.565547943115234,68.49373796629229
e3,nasa,hipif,B0018,123,111.0,70.6944580078125,63.95568084716797,68.49373796629229
e3,nasa,hipif,B0018,123,112.0,69.9466552734375,63.48227310180664,68.49373796629229
e3,nasa,hipif,B0018,123,113.0,69.76660919189453,64.65491485595703,68.49373796629229
e3,nasa,hipif,B0018,123,114.0,69.50230407714844,64.4164047241211,68.49373796629229
e3,nasa,hipif,B0018,123,115.0,69.30136108398438,63.62979507446289,68.49373796629229
e3,nasa,hipif,B0018,123,116.0,69.4107666015625,64.75664520263672,68.49373796629229
e3,nasa,hipif,B0018,123,117.0,68.80913543701172,63.620513916015625,68.49373796629229
e3,nasa,hipif,B0018,123,118.0,68.23584747314453,64.78050994873047,68.49373796629229
e3,nasa,hipif,B0018,123,119.0,67.94927215576172,64.65898895263672,68.49373796629229
e3,nasa,hipif,B0018,123,120.0,67.3115463256836,64.53776550292969,68.49373796629229
e3,nasa,hipif,B0018,123,121.0,71.3421401977539,63.27550506591797,68.49373796629229
e3,nasa,hipif,B0018,123,122.0,70.3224105834961,63.64311218261719,67.52141919455676
e3,nasa,hipif,B0018,123,123.0,69.6745376586914,64.54583740234375,67.26683729657738
e3,nasa,hipif,B0018,123,124.0,69.41246795654297,63.34659194946289,66.65638557182515
e3,nasa,hipif,B0018,123,125.0,68.50939178466797,64.09160614013672,66.25234968757304
e3,nasa,hipif,B0018,123,126.0,68.98475646972656,63.39655685424805,66.25234968757304
e3,nasa,hipif,B0018,123,127.0,68.43292999267578,64.96263122558594,66.10263390659554
e3,nasa,hipif,B0018,123,128.0,68.13685607910156,64.46726989746094,65.80967477987264
e3,nasa,hipif,B0018,123,129.0,68.17025756835938,63.00333786010742,65.48117331008744
e3,nasa,hipif,B0018,123,130.0,67.59323120117188,64.05313110351562,65.43979954663287
e3,nasa,hipif,B0018,123,131.0,67.7398452758789,65.21027374267578,65.43979954663287
e3,nasa,hipif,B0018,123,132.0,67.05257415771484,64.25921630859375,64.78773353948459
